지진ID,구분,구분명,전송시각,진원시,위도 (단위:`N),경도 (단위:`E),규모 (리히터 기준),진앙지,등록일자,깊이 (단위:KM)
2.02E+11,3,국외지진,2.02E+11,2.02E+13,-21.26,171.36,6,바누아투 포트빌라 남동쪽 506km 해역 ,2022-12-29 2:00,10
2.02E+11,1,지진정보,2.02E+11,2.02E+13,36.51,128.65,2.6,경북 안동시 남서쪽 10km 지역,2022-12-25 19:35,14
2.02E+11,3,국외지진,2.02E+11,2.02E+13,23.12,121.18,5.2,대만 화롄 남남서쪽 100km 지역,2022-12-24 6:33,13
2.02E+11,1,지진정보,2.02E+11,2.02E+13,35.14,125.08,2.3,전남 신안군 흑산도 북북서쪽 61km 해역,2022-12-23 19:48,
2.02E+11,1,지진정보,2.02E+11,2.02E+13,41.3,129.22,2.1,북한 함경북도 길주 북북서쪽 39km 지역,2022-12-16 12:55,26
2.02E+11,3,국외지진,2.02E+11,2.02E+13,23.77,121.78,6.2,대만 화롄 남동쪽 31km 해역,2022-12-15 13:18,6
2.02E+11,3,국외지진,2.02E+11,2.02E+13,51.73,178.65,6.3,미국 알래스카 아닥 서쪽 324km 해역,2022-12-15 4:09,84
2.02E+11,3,국외지진,2.02E+11,2.02E+13,27.6,129.5,6,일본 오키나와현 오키나와 북동쪽 237km 해역,2022-12-13 23:35,30
2.02E+11,1,지진정보,2.02E+11,2.02E+13,35.77,129.8,2.9,울산 북구 동북동쪽 45km 해역,2022-12-03 13:26,21
2.02E+11,1,지진정보,2.02E+11,2.02E+13,36.17,128.27,3.2,경북 김천시 동북동쪽 14km 지역,2022-12-01 15:22,14
2.02E+11,1,지진정보,2.02E+11,2.02E+13,38.43,125.63,2.1,북한 황해북도 사리원 남서쪽 14km 지역,2022-11-29 6:04,
2.02E+11,3,국외지진,2.02E+11,2.02E+13,-9.8,159.57,7.3,솔로몬제도 호니아라 남서쪽 58km 해역,2022-11-22 11:21,10
2.02E+11,1,지진정보,2.02E+11,2.02E+13,41.29,129.22,2,북한 함경북도 길주 북북서쪽 38km 지역,2022-11-20 16:22,11
2.02E+11,1,지진정보,2.02E+11,2.02E+13,33.96,125.22,3.3,전남 신안군 흑산도 남남서쪽 81km 해역,2022-11-20 1:05,20
2.02E+11,3,국외지진,2.02E+11,2.02E+13,-4.96,100.74,6.9,인도네시아 벵쿨루 남서쪽 212km 해역 ,2022-11-18 23:02,10
2.02E+11,1,지진정보,2.02E+11,2.02E+13,35.52,124.35,2.2,전남 신안군 흑산도 북서쪽 136km 해역,2022-11-18 3:17,6
2.02E+11,3,국외지진,2.02E+11,2.02E+13,33.8,137.5,6.1,일본 미에현(혼슈) 쓰 남동쪽 137km 해역,2022-11-14 17:21,350
2.02E+11,3,국외지진,2.02E+11,2.02E+13,-26.04,178.23,6.1,피지 수바 남쪽 879km 해역,2022-11-14 14:27,627
2.02E+11,1,지진정보,2.02E+11,2.02E+13,35.07,125.07,2.1,전남 신안군 흑산도 북서쪽 55km 해역,2022-11-14 0:02,17
2.02E+11,3,국외지진,2.02E+11,2.02E+13,-37.45,-73.7,6.4,칠레 콘셉시온 남서쪽 90km 해역,2022-11-14 0:02,10
2.02E+11,3,국외지진,2.02E+11,2.02E+13,-26.04,178.38,7,피지 수바 남쪽 878km 해역 ,2022-11-09 19:15,665
2.02E+11,3,국외지진,2.02E+11,2.02E+13,-25.97,178.36,6.8,피지 수바 남쪽 870km 해역 ,2022-11-09 19:03,629
2.02E+11,3,국외지진,2.02E+11,2.02E+13,36.2,140,5,일본 도치기현(혼슈) 우쓰노미야 남남동쪽 41km 지역,2022-11-09 17:49,50
2.02E+11,1,지진정보,2.02E+11,2.02E+13,33.3,127.78,2.1,전남 여수시 거문도 남남동쪽 92km 해역,2022-11-08 0:50,8
2.02E+11,1,지진정보,2.02E+11,2.02E+13,36.97,126.38,2.5,충남 서산시 북북서쪽 22km 해역,2022-11-06 0:01,11
2.02E+11,3,국외지진,2.02E+11,2.02E+13,35.7,140.2,5,일본 지바현(혼슈) 지바 북동쪽 13km 지역,2022-11-04 0:01,70
2.02E+11,1,지진정보,2.02E+11,2.02E+13,35.47,124.9,2.1,전남 신안군 흑산도 북북서쪽 101km 해역,2022-11-04 0:01,10
2.02E+11,1,지진정보,2.02E+11,2.02E+13,36.88,127.88,2.9,충북 괴산군 북동쪽 11km 지역,2022-11-01 2:32,14
2.02E+11,3,국외지진,2.02E+11,2.02E+13,22.91,121.21,5,대만 카오슝 동북동쪽 96km 지역,2022-10-31 18:22,10
2.02E+11,1,지진정보,2.02E+11,2.02E+13,36.88,127.88,4.1,충북 괴산군 북동쪽 11km 지역,2022-10-29 8:36,12
2.02E+11,1,지진정보,2.02E+11,2.02E+13,36.88,127.88,3.5,충북 괴산군 북동쪽 11km 지역,2022-10-29 8:31,13
2.02E+11,5,지진속보,2.02E+11,2.02E+13,36.88,127.89,4.3,충북 괴산군 북동쪽 12km 지역,2022-10-29 8:29,
2.02E+11,5,지진속보,2.02E+11,2.02E+13,36.88,127.88,3.5,충북 괴산군 북동쪽 11km 지역,2022-10-29 8:28,
2.02E+11,3,국외지진,2.02E+11,2.02E+13,17.69,120.81,6.5,필리핀 라오그 남남동쪽 61km 지역,2022-10-26 0:23,16
2.02E+11,3,국외지진,2.02E+11,2.02E+13,-58.72,-26.15,6.3,남대서양 사우스 샌드위치 제도 해역,2022-10-25 9:37,82
2.02E+11,3,국외지진,2.02E+11,2.02E+13,7.67,-82.34,6.8,파나마 보카치카 남남서쪽 62km 해역,2022-10-20 21:20,10
2.02E+11,3,국외지진,2.02E+11,2.02E+13,4.4,-87.5,6.7,코스타리카 산호세 남남서쪽 721km ,2022-10-16 22:08,10
2.02E+11,3,국외지진,2.02E+11,2.02E+13,-1.4,-23.88,6.2,대서양 중앙 해령 ,2022-10-10 2:14,10
2.02E+11,1,지진정보,2.02E+11,2.02E+13,41.29,129.21,2.4,북한 함경북도 길주 북북서쪽 39km 지역,2022-10-08 15:37,14
2.02E+11,1,지진정보,2.02E+11,2.02E+13,41.3,129.13,2.5,북한 함경북도 길주 북북서쪽 42km 지역,2022-10-08 4:18,23
2.02E+11,3,국외지진,2.02E+11,2.02E+13,27.7,126.9,5.1,일본 오키나와현 오키나와 북북서쪽 183km 해역,2022-10-07 1:45,160
2.02E+11,3,국외지진,2.02E+11,2.02E+13,23.48,121.5,5.3,대만 화롄 남쪽 53km 해역,2022-10-03 6:04,24
2.02E+11,1,지진정보,2.02E+11,2.02E+13,36.94,127.13,2.7,충남 천안시 서북구 북북서쪽 7km 지역,2022-10-01 4:42,14
2.02E+11,3,국외지진,2.02E+11,2.02E+13,-60.6,-20,6.7,남대서양 사우스 샌드위치 제도 해역,2022-09-29 12:21,33
2.02E+11,3,국외지진,2.02E+11,2.02E+13,-41.38,-75.58,6.1,칠레 푸에르토몬트 서쪽 220km 해역,2022-09-24 8:13,10
2.02E+11,3,국외지진,2.02E+11,2.02E+13,3.81,95.99,6.2,인도네시아 반다아체 남남동쪽 206km 해역,2022-09-24 6:20,49
2.02E+11,1,지진정보,2.02E+11,2.02E+13,35.69,124.59,2.3,충남 태안군 서격렬비도 남서쪽 134km 해역,2022-09-24 0:00,
2.02E+11,3,국외지진,2.02E+11,2.02E+13,55.53,166.34,6,러시아 캄차카반도 클류치 동남동쪽 353km 해역,2022-09-22 0:00,10
2.02E+11,3,국외지진,2.02E+11,2.02E+13,35.4,131,4.6,울산 동구 동쪽 144km 해역,2022-09-19 21:01,10
2.02E+11,3,국외지진,2.02E+11,2.02E+13,23.43,121.32,5.9,대만 화롄 남남서쪽 63km 지역,2022-09-19 11:17,13
2.02E+11,3,국외지진,2.02E+11,2.02E+13,26.4,125.9,5.5,일본 오키나와현 오키나와 서쪽 179km 해역,2022-09-18 19:14,10
2.02E+11,3,국외지진,2.02E+11,2.02E+13,23.27,121.29,5.8,대만 화롄 남남서쪽 80km 지역,2022-09-18 18:55,10
2.02E+11,3,국외지진,2.02E+11,2.02E+13,23.11,121.18,5.5,대만 화롄 남남서쪽 101km 지역,2022-09-18 18:00,13
2.02E+11,3,국외지진,2.02E+11,2.02E+13,26.3,125.9,6.1,일본 오키나와현 오키나와 서쪽 178km 해역,2022-09-18 17:22,
2.02E+11,3,국외지진,2.02E+11,2.02E+13,23.14,121.2,6.8,대만 화롄 남남서쪽 97km 지역,2022-09-18 15:54,7
2.02E+11,3,국외지진,2.02E+11,2.02E+13,23.13,121.18,5.9,대만 화롄 남남서쪽 99km 지역,2022-09-18 14:29,11
2.02E+11,3,국외지진,2.02E+11,2.02E+13,23.08,121.16,6.4,대만 카오슝 동북동쪽 100km 지역,2022-09-17 22:52,7
2.02E+11,3,국외지진,2.02E+11,2.02E+13,-21.2,170.1,7,뉴칼레도니아 누메아 동북동쪽 396km 해역 ,2022-09-14 20:24,124
2.02E+11,1,지진정보,2.02E+11,2.02E+13,36.46,129.63,2.4,경북 영덕군 동북동쪽 24km 해역,2022-09-11 16:33,13
2.02E+11,3,국외지진,2.02E+11,2.02E+13,-6.4,146.5,7.7,파푸아뉴기니 모로베 라에 서북서쪽 65km 지역,2022-09-11 9:05,79
2.02E+11,3,국외지진,2.02E+11,2.02E+13,-1.12,98.62,6,인도네시아 파당 서쪽 194km 해역,2022-09-11 8:37,20
2.02E+11,1,지진정보,2.02E+11,2.02E+13,38.95,127.29,3.4,북한 강원 원산 남남서쪽 26km 지역,2022-09-10 15:12,7
2.02E+11,3,국외지진,2.02E+11,2.02E+13,-2.25,138.18,6.1,인도네시아 자야푸라 서쪽 284km 지역,2022-09-10 8:55,29
2.02E+11,3,국외지진,2.02E+11,2.02E+13,-56.58,-25.78,6,남대서양 사우스 샌드위치제도 해역,2022-09-07 0:00,10
2.02E+11,3,국외지진,2.02E+11,2.02E+13,-0.94,-21.72,6.5,대서양 중앙 해령,2022-09-04 19:16,10
2.02E+11,3,국외지진,2.02E+11,2.02E+13,-5.65,148.7,6.1,파푸아뉴기니 뉴브린튼섬 칸드리안 서북서쪽 111km 지역,2022-09-03 8:17,127
2.02E+11,1,지진정보,2.02E+11,2.02E+13,36.39,129.89,2,경북 영덕군 동쪽 47km 해역,2022-09-03 0:50,18
2.02E+11,1,지진정보,2.02E+11,2.02E+13,35.11,125.07,2.5,전남 신안군 흑산도 북북서쪽 58km 해역,2022-09-01 8:39,
2.02E+11,1,지진정보,2.02E+11,2.02E+13,37.17,125.42,2.4,인천 옹진군 연평도 남남서쪽 60km 해역,2022-08-28 2:00,12
2.02E+11,1,지진정보,2.02E+11,2.02E+13,36.47,129.62,2.1,경북 영덕군 동북동쪽 24km 해역,2022-08-24 18:37,20
2.02E+11,3,국외지진,2.02E+11,2.02E+13,-5.08,103.1,6,인도네시아 벵클루 남남동쪽 170km 해역 ,2022-08-24 0:01,59
2.02E+11,1,지진정보,2.02E+11,2.02E+13,34.75,124.3,2.4,전남 신안군 흑산도 서쪽 103km 해역,2022-08-22 13:35,
2.02E+11,3,국외지진,2.02E+11,2.02E+13,25.11,123.55,5.7,대만 타이베이 동쪽 202km 해역,2022-08-22 12:05,162
2.02E+11,1,지진정보,2.02E+11,2.02E+13,38.8,125.95,2.4,북한 황해북도 연산 서남서쪽 28km 지역,2022-08-16 20:46,
2.02E+11,3,국외지진,2.02E+11,2.02E+13,-22.06,170.93,6.2,뉴칼레도니아 누메아 동쪽 460km 해역,2022-08-16 0:00,83
2.02E+11,1,지진정보,2.02E+11,2.02E+13,37.41,124.53,2.7,인천 옹진군 백령도 남남서쪽 62km 해역,2022-08-12 19:43,6
2.02E+11,3,국외지진,2.02E+11,2.02E+13,44.9,142.1,5.3,일본 홋카이도 삿포로 북북동쪽 213km 지역,2022-08-11 1:03,10
2.02E+11,3,국외지진,2.02E+11,2.02E+13,44.9,142.1,5.1,일본 홋카이도 삿포로 북북동쪽 213km 지역,2022-08-11 0:46,10
2.02E+11,1,지진정보,2.02E+11,2.02E+13,33.14,127.67,3.1,전남 여수시 거문도 남남동쪽 104km 해역,2022-08-03 8:00,8
2.02E+11,1,지진정보,2.02E+11,2.02E+13,38.44,125.62,2.6,북한 황해남도 안악 남동쪽 13km 지역,2022-07-31 22:16,
2.02E+11,1,지진정보,2.02E+11,2.02E+13,35.39,128.24,2.6,경남 의령군 북북서쪽 8km 지역,2022-07-29 5:41,13
2.02E+11,3,국외지진,2.02E+11,2.02E+13,32.6,142.4,6.1,일본 지바현(혼슈) 지바 남남동쪽 395km 해역,2022-07-29 5:05,10
2.02E+11,3,국외지진,2.02E+11,2.02E+13,-21.98,-70.47,6.1,칠레 카라마 서북서쪽 168km 해역,2022-07-28 13:45,45
2.02E+11,3,국외지진,2.02E+11,2.02E+13,-22.17,-68.47,6.2,칠레 카라마 북동쪽 57km 지역,2022-07-28 4:21,99
2.02E+11,3,국외지진,2.02E+11,2.02E+13,17.6,120.81,7.1,필리핀 라오그 남남동쪽 70km 지역,2022-07-27 10:01,10
2.02E+11,3,국외지진,2.02E+11,2.02E+13,26.8,126.4,5,일본 오키나와현 오키나와 서북서쪽 143km 해역,2022-07-25 23:55,20
2.02E+11,1,지진정보,2.02E+11,2.02E+13,38.44,125.63,2.4,북한 황해북도 사리원 서남서쪽 14km 지역,2022-07-23 16:31,
2.02E+11,1,지진정보,2.02E+11,2.02E+13,38.45,125.63,2.5,북한 황해북도 사리원 서남서쪽 13km 지역,2022-07-23 6:49,
2.02E+11,3,국외지진,2.02E+11,2.02E+13,40.6,141.4,5.1,일본 아오모리현(혼슈) 아오모리 동남동쪽 60km 지역,2022-07-22 12:09,90
2.02E+11,1,지진정보,2.02E+11,2.02E+13,36.8,126.25,2.3,충남 태안군 북서쪽 7km 지역,2022-07-21 18:42,10
2.02E+11,1,지진정보,2.02E+11,2.02E+13,35.79,129.2,2.3,경북 경주시 남남서쪽 8km 지역,2022-07-21 4:51,13
2.02E+11,1,지진정보,2.02E+11,2.02E+13,36.29,126.87,2,충남 부여군 서북서쪽 4km 지역,2022-07-20 16:24,17
2.02E+11,1,지진정보,2.02E+11,2.02E+13,33.64,128.11,2.1,전남 여수시 거문도 동남동쪽 85km 해역,2022-07-16 13:58,14
2.02E+11,3,국외지진,2.02E+11,2.02E+13,-44.57,-79.75,6.4,칠레  케욘 서남서쪽 517km 해역 ,2022-07-16 5:10,10
2.02E+11,1,지진정보,2.02E+11,2.02E+13,33.13,127.66,2.6,제주 서귀포시 동쪽 103km 해역,2022-07-12 10:42,6
2.02E+11,1,지진정보,2.02E+11,2.02E+13,33.11,127.66,2.7,제주 서귀포시 동쪽 104km 해역,2022-07-12 10:13,7
2.02E+11,1,지진정보,2.02E+11,2.02E+13,33.12,127.64,2.3,제주 서귀포시 동쪽 102km 해역,2022-07-12 10:00,6
2.02E+11,3,국외지진,2.02E+11,2.02E+13,-18.19,169,6.1,바누아투 포트빌라 남동쪽 87km 해역,2022-07-12 6:36,10
2.02E+11,1,지진정보,2.02E+11,2.02E+13,33.14,127.66,2.2,제주 서귀포시 동쪽 103km 해역,2022-07-12 0:50,10
2.02E+11,1,지진정보,2.02E+11,2.02E+13,33.14,127.65,2.1,제주 서귀포시 동쪽 102km 해역,2022-07-12 0:47,10
2.02E+11,3,국외지진,2.02E+11,2.02E+13,26.9,126.3,5,일본 오키나와현 오키나와 서북서쪽 157km 해역,2022-07-08 9:09,10
2.02E+11,3,국외지진,2.02E+11,2.02E+13,26.8,126.5,5.1,일본 오키나와현 오키나와 서북서쪽 134km 해역,2022-07-06 22:17,20
2.02E+11,1,지진정보,2.02E+11,2.02E+13,33.31,127.45,2.6,전남 여수시 거문도 남쪽 81km 해역,2022-07-03 7:59,13
2.02E+11,3,국외지진,2.02E+11,2.02E+13,26.89,55.29,6.2,이란 반다르아바스 서남서쪽 104km 지역,2022-07-02 8:49,10
2.02E+11,3,국외지진,2.02E+11,2.02E+13,26.94,55.23,6.1,이란 반다르아바스 서남서쪽 108km 지역,2022-07-02 6:54,10
2.02E+11,1,지진정보,2.02E+11,2.02E+13,37.02,128.98,2.3,경북 봉화군 동북동쪽 26km 지역,2022-06-30 22:56,6
2.02E+11,1,지진정보,2.02E+11,2.02E+13,35.9,129.73,2.1,경북 포항시 남구 동남동쪽 35km 해역,2022-06-30 3:00,18
2.02E+11,1,지진정보,2.02E+11,2.02E+13,35.89,129.7,2.3,경북 포항시 남구 동남동쪽 33km 해역,2022-06-29 15:31,21
2.02E+11,3,국외지진,2.02E+11,2.02E+13,21.99,120.2,5.3,대만 카오슝 남쪽 72km 해역,2022-06-28 22:55,41
2.02E+11,3,국외지진,2.02E+11,2.02E+13,23.62,121.43,5.1,대만 화롄 남남서쪽 39km 지역,2022-06-25 22:58,10
2.02E+11,3,국외지진,2.02E+11,2.02E+13,33.11,69.53,6.1,아프가니스탄 호스트 남서쪽 44km 지역,2022-06-22 6:22,51
2.02E+11,3,국외지진,2.02E+11,2.02E+13,27.7,142.9,6.2,일본 혼슈 요코하마 남남동쪽 915km 해역,2022-06-21 16:30,
2.02E+11,3,국외지진,2.02E+11,2.02E+13,37.5,137.3,5,일본 도야마현(혼슈) 도야마 북쪽 90km 지역,2022-06-20 10:41,10
2.02E+11,3,국외지진,2.02E+11,2.02E+13,23.68,121.47,6,대만 화롄 남남서쪽 31km 지역,2022-06-20 10:16,7
2.02E+11,3,국외지진,2.02E+11,2.02E+13,26.8,126.4,5.7,일본 오키나와현 오키나와 서북서쪽 143km 해역,2022-06-19 19:04,10
2.02E+11,3,국외지진,2.02E+11,2.02E+13,37.5,137.3,5.2,일본 도야마현(혼슈) 도야마 북쪽 90km 지역,2022-06-19 15:20,10
2.02E+11,3,국외지진,2.02E+11,2.02E+13,32.25,101.82,6,중국 쓰촨성 청두 북서쪽 285km 지역,2022-06-10 3:00,13
2.02E+11,3,국외지진,2.02E+11,2.02E+13,-9.06,-71.17,6.5,브라질 타라우아카 남남서쪽 108km 지역,2022-06-08 10:30,616
2.02E+11,3,국외지진,2.02E+11,2.02E+13,25.9,123.4,5.2,일본 이시가키섬 북북서쪽 187km 해역,2022-06-07 11:23,190
2.02E+11,3,국외지진,2.02E+11,2.02E+13,52.07,178.28,6.4,알래스카 아닥 서쪽 349km 해역,2022-06-06 0:00,105
2.02E+11,3,국외지진,2.02E+11,2.02E+13,26.8,126.4,5.9,일본 오키나와현 오키나와 서북서쪽 143km 해역,2022-06-03 16:12,20
2.02E+11,1,지진정보,2.02E+11,2.02E+13,38.12,130.98,2.6,경북 울릉군 울릉도 북쪽 71km 해역,2022-06-02 20:53,26
2.02E+11,3,국외지진,2.02E+11,2.02E+13,30.37,102.94,6.1,중국 쓰촨성 야안시 북서쪽 42km 지역,2022-06-01 18:41,17
2.02E+11,3,국외지진,2.02E+11,2.02E+13,-8.27,127.21,6.1,동티모르 로스팔로스 북동쪽 36km 해역,2022-05-27 12:04,51
2.02E+11,3,국외지진,2.02E+11,2.02E+13,-22.81,172.07,6.4,뉴칼레도니아 누메아 동쪽 580km 해역 ,2022-05-27 1:02,10
2.02E+11,3,국외지진,2.02E+11,2.02E+13,-14.86,-70.31,7.2,페루 줄리아카 북북서쪽 74km 지역,2022-05-26 21:24,218
2.02E+11,3,국외지진,2.02E+11,2.02E+13,33.2,141.5,6.1,일본 지바현(혼슈) 지바 남남동쪽 297km 해역,2022-05-23 0:27,10
2.02E+11,3,국외지진,2.02E+11,2.02E+13,-26.21,178.39,6.3,피지 수바 남쪽 898km 해역 ,2022-05-22 16:34,590
2.02E+11,3,국외지진,2.02E+11,2.02E+13,13.95,120.68,6.1,필리핀 분가한 동북동쪽 1km 지역 ,2022-05-22 7:22,136
2.02E+11,3,국외지진,2.02E+11,2.02E+13,-53.8,158.9,7.3,뉴질랜드 더니든 남서쪽 1206km 해역,2022-05-19 19:36,29
2.02E+11,1,지진정보,2.02E+11,2.02E+13,33.34,127.22,2.3,제주 서귀포시 동쪽 62km 해역,2022-05-13 6:56,21
2.02E+11,3,국외지진,2.02E+11,2.02E+13,-23.61,-66.72,6.8,아르헨티나 산안토니오 데로스 코브레스  북북서쪽 78km 지역 ,2022-05-11 9:32,194
2.02E+11,3,국외지진,2.02E+11,2.02E+13,-3.37,146.35,6.3,파푸아뉴기니 로렝가우 남서쪽 179km 해역,2022-05-10 7:59,10
2.02E+11,3,국외지진,2.02E+11,2.02E+13,34.6,136.9,5.1,일본 미에현(혼슈) 쓰 동남동쪽 38km 해역,2022-05-09 17:44,340
2.02E+11,3,국외지진,2.02E+11,2.02E+13,24.04,122.5,6.1,대만 화롄 동쪽 97km 해역,2022-05-09 15:37,28
2.02E+11,3,국외지진,2.02E+11,2.02E+13,27,126.4,5.7,일본 오키나와현 오키나와 북서쪽 155km 해역,2022-05-07 21:03,20
2.02E+11,3,국외지진,2.02E+11,2.02E+13,26.8,126.5,5.4,일본 오키나와현 오키나와 서북서쪽 134km 해역,2022-05-06 22:31,20
2.02E+11,1,지진정보,2.02E+11,2.02E+13,38.98,127.29,2.3,북한 강원 원산 남남서쪽 24km 지역,2022-04-30 9:42,10
2.02E+11,3,국외지진,2.02E+11,2.02E+13,-3.95,146.66,6,파푸아뉴기니 마당 북동쪽 170km 해역,2022-04-28 22:50,10
2.02E+11,3,국외지진,2.02E+11,2.02E+13,11.5,-87,6.8,니카라과 레온 남쪽 105km 해역,2022-04-21 17:03,10
2.02E+11,3,국외지진,2.02E+11,2.02E+13,6.98,126.95,6,필리핀 마티 동쪽 80km 해역,2022-04-21 7:23,51
2.02E+11,1,지진정보,2.02E+11,2.02E+13,38.85,125.78,2.3,북한 황해북도 송림 북동쪽 18km 지역,2022-04-21 2:57,
2.02E+11,3,국외지진,2.02E+11,2.02E+13,7.12,126.78,6.2,필리핀 마티 동북동쪽 65km 해역,2022-04-19 10:56,39
2.02E+11,3,국외지진,2.02E+11,2.02E+13,36.9,140.4,5.3,일본 이바라키현(혼슈) 미토 북쪽 60km 지역,2022-04-19 8:25,90
2.02E+11,1,지진정보,2.02E+11,2.02E+13,37.26,126.1,2.3,인천 옹진군 서남서쪽 52km 지역,2022-04-18 14:27,11
2.02E+11,1,지진정보,2.02E+11,2.02E+13,35.22,128.6,2.3,경남 창원시 마산회원구 동쪽 2km 지역,2022-04-17 23:37,9
2.02E+11,1,지진정보,2.02E+11,2.02E+13,34.75,127.26,2.6,전남 고흥군 북쪽 16km 지역,2022-04-16 2:13,18
2.02E+11,3,국외지진,2.02E+11,2.02E+13,26.8,126.5,5,일본 오키나와현 오키나와 서북서쪽 134km 해역,2022-04-14 9:41,10
2.02E+11,3,국외지진,2.02E+11,2.02E+13,26.8,126.4,5.7,일본 오키나와현 오키나와 서북서쪽 143km 해역,2022-04-13 10:35,20
2.02E+11,1,지진정보,2.02E+11,2.02E+13,36.82,129.47,2.4,경북 울진군 남남동쪽 20km 해역,2022-04-12 15:02,14
2.02E+11,3,국외지진,2.02E+11,2.02E+13,-16.32,166.85,6.2,바누아투 포트빌라 북서쪽 222km 해역,2022-04-10 6:18,10
2.02E+11,1,지진정보,2.02E+11,2.02E+13,36.45,129.62,3.4,경북 영덕군 동쪽 23km 해역,2022-04-10 2:50,18
2.02E+11,1,지진정보,2.02E+11,2.02E+13,36.54,128.08,2.2,경북 상주시 북북서쪽 16km 지역,2022-04-09 11:00,19
2.02E+11,3,국외지진,2.02E+11,2.02E+13,37.8,141.6,5.4,일본 미야기현(혼슈) 센다이 남동쪽 83km 해역,2022-04-06 0:15,50
2.02E+11,3,국외지진,2.02E+11,2.02E+13,-17.48,167.87,6,바누아투 포트빌라 서북서쪽 55km 해역 ,2022-04-05 1:32,33
2.02E+11,3,국외지진,2.02E+11,2.02E+13,37.3,141.6,5.1,일본 후쿠시마현(혼슈) 후쿠시마 동남동쪽 112km 해역,2022-04-04 19:39,40
2.02E+11,1,지진정보,2.02E+11,2.02E+13,35.69,129.35,2,경북 경주시 남남동쪽 22km 지역,2022-04-03 14:24,11
2.02E+11,3,국외지진,2.02E+11,2.02E+13,-22.73,170.65,6.3,뉴칼레도니아 누메아 동쪽 435km 해역 ,2022-04-01 5:16,10
2.02E+11,3,국외지진,2.02E+11,2.02E+13,-22.7,170.3,7.2, 뉴칼레도니아 누메아 동쪽 399km 해역 ,2022-03-31 15:06,10
2.02E+11,3,국외지진,2.02E+11,2.02E+13,-22.72,170.28,6.7,뉴칼레도니아 누메아 동쪽 397km 해역 ,2022-03-31 6:22,10
2.02E+11,3,국외지진,2.02E+11,2.02E+13,26.9,126.4,5.5,일본 오키나와현 오키나와 서북서쪽 149km 해역,2022-03-30 2:47,20
2.02E+11,3,국외지진,2.02E+11,2.02E+13,42.3,143.1,5.1,일본 홋카이도 구시로 남서쪽 129km 지역,2022-03-27 8:26,60
2.02E+11,3,국외지진,2.02E+11,2.02E+13,26.8,126.2,5.6,일본 오키나와현 오키나와 서북서쪽 161km 해역,2022-03-27 1:09,20
2.02E+11,3,국외지진,2.02E+11,2.02E+13,38.5,97.33,6,중국 칭하이 하이시 북쪽 125km 지역,2022-03-26 1:58,10
2.02E+11,3,국외지진,2.02E+11,2.02E+13,23.44,121.46,5.3,대만 화롄 남쪽 58km 지역,2022-03-24 9:49,20
2.02E+11,3,국외지진,2.02E+11,2.02E+13,26.9,126.2,5.1,일본 오키나와현 오키나와 서북서쪽 166km 해역,2022-03-24 8:06,10
2.02E+11,3,국외지진,2.02E+11,2.02E+13,26.8,126.3,5.2,일본 오키나와현 오키나와 서북서쪽 152km 해역,2022-03-24 3:25,20
2.02E+11,3,국외지진,2.02E+11,2.02E+13,23.43,121.52,6.6,대만 화롄 남쪽 58km 해역,2022-03-23 2:53,31
2.02E+11,3,국외지진,2.02E+11,2.02E+13,10.82,-43.39,6.7,북대서양 중앙 해령 남쪽 해역,2022-03-23 2:04,10
2.02E+11,3,국외지진,2.02E+11,2.02E+13,25.6,124,5.9,일본 오키나와현 미야코지마시 북서쪽 158km 해역,2022-03-19 4:21,180
2.02E+11,3,국외지진,2.02E+11,2.02E+13,40,142.1,5.5,일본 이와테현(혼슈) 모리오카 동북동쪽 87km 해역,2022-03-18 23:35,20
2.02E+11,3,국외지진,2.02E+11,2.02E+13,26.8,126.3,5.9,일본 오키나와현 오키나와 서북서쪽 152km 해역,2022-03-17 20:48,20
2.02E+11,3,국외지진,2.02E+11,2.02E+13,25.8,123.9,5.3,일본 오키나와현 이리오모테섬 북쪽 150km 해역,2022-03-17 14:23,180
2.02E+11,3,국외지진,2.02E+11,2.02E+13,37.7,141.7,7.3,일본 미야기현(혼슈) 센다이 남동쪽 96km 해역,2022-03-16 23:56,33
2.02E+11,1,지진정보,2.02E+11,2.02E+13,33.7,125.06,2.3,전남 신안군 흑산도 남남서쪽 113km 해역,2022-03-16 18:23,
2.02E+11,1,지진정보,2.02E+11,2.02E+13,39.42,126.19,2,북한 평안남도 성천 북쪽 20km 지역,2022-03-15 1:05,12
2.02E+11,3,국외지진,2.02E+11,2.02E+13,-0.68,98.6,6.6,인도네시아 파당 서쪽 197km 해역,2022-03-14 6:38,16
2.02E+11,3,국외지진,2.02E+11,2.02E+13,14.1,119.4,6.7,필리핀 올롱가포 남서쪽 125km 해역,2022-03-14 6:28,33
2.02E+11,3,국외지진,2.02E+11,2.02E+13,23.25,121.44,5.6,대만 화롄 남쪽 79km 해역,2022-03-09 21:32,35
2.02E+11,3,국외지진,2.02E+11,2.02E+13,-58.68,-25.06,6.1,남대서양 사우스 샌드위치제도 해역,2022-03-07 5:42,24
2.02E+11,1,지진정보,2.02E+11,2.02E+13,37.31,129.54,2.5,강원 삼척시 동남동쪽 37km 해역,2022-03-06 18:45,18
2.02E+11,3,국외지진,2.02E+11,2.02E+13,24.81,122.23,5.1,대만 타이베이 동남동쪽 74km 해역,2022-03-06 13:21,109
2.02E+11,1,지진정보,2.02E+11,2.02E+13,36.39,127.13,2.4,충남 공주시 남쪽 6km 지역,2022-03-05 22:23,12
2.02E+11,1,지진정보,2.02E+11,2.02E+13,41.24,129.22,2.1,북한 함경북도 길주 북북서쪽 33km 지역,2022-03-04 3:19,29
2.02E+11,1,지진정보,2.02E+11,2.02E+13,41.25,129.28,2.1,북한 함경북도 길주 북쪽 33km 지역,2022-02-28 22:32,24
2.02E+11,3,국외지진,2.02E+11,2.02E+13,26.8,126.3,5.4,일본 오키나와현 오키나와 서북서쪽 152km 해역,2022-02-25 18:01,20
2.02E+11,3,국외지진,2.02E+11,2.02E+13,0.23,100.11,6.2,인도네시아 수마트라 파당 북북서쪽 135km 지역 ,2022-02-25 11:06,12
2.02E+11,1,지진정보,2.02E+11,2.02E+13,34,127.59,2.2,전남 여수시 거문도 동쪽 25km 해역,2022-02-24 12:13,21
2.02E+11,3,국외지진,2.02E+11,2.02E+13,-69.77,165.41,6.6,남극 발레니 제도 남쪽 310km 해역 ,2022-02-22 8:59,10
2.02E+11,3,국외지진,2.02E+11,2.02E+13,26.9,126.4,5.9,일본 오키나와현 오키나와 서북서쪽 149km 해역,2022-02-22 6:08,10
2.02E+11,3,국외지진,2.02E+11,2.02E+13,14.19,-91.3,6.2,과테말라 에스쿠인틀라 서남서쪽 57km 지역,2022-02-16 16:41,84
2.02E+11,1,지진정보,2.02E+11,2.02E+13,41.29,129.23,2.5,북한 함경북도 길주 북북서쪽 38km 지역,2022-02-15 7:48,29
2.02E+11,1,지진정보,2.02E+11,2.02E+13,41.28,129.26,2.3,북한 함경북도 길주 북쪽 37km 지역,2022-02-14 20:40,18
2.02E+11,1,지진정보,2.02E+11,2.02E+13,41.27,129.24,2.3,북한 함경북도 길주 북북서쪽 36km 지역,2022-02-14 15:31,22
2.02E+11,1,지진정보,2.02E+11,2.02E+13,41.3,129.21,3.1,북한 함경북도 길주 북북서쪽 40km 지역,2022-02-11 11:19,17
2.02E+11,1,지진정보,2.02E+11,2.02E+13,35.29,126.59,2.2,전남 영광군 동북동쪽 7km 지역,2022-02-10 17:25,19
2.02E+11,3,국외지진,2.02E+11,2.02E+13,26.8,126.4,5.1,일본 오키나와현 오키나와 서북서쪽 143km 해역,2022-02-09 7:54,
2.02E+11,3,국외지진,2.02E+11,2.02E+13,26.8,126.4,5.6,일본 오키나와현 오키나와 서북서쪽 143km 해역,2022-02-09 1:47,
2.02E+11,3,국외지진,2.02E+11,2.02E+13,-0.4,-19.87,6.1,대서양 중앙 해령,2022-02-08 21:34,10
2.02E+11,1,지진정보,2.02E+11,2.02E+13,35.07,125.06,2.9,전남 신안군 흑산도 북서쪽 55km 해역,2022-02-08 16:02,16
2.02E+11,3,국외지진,2.02E+11,2.02E+13,-48.01,99.5,6.1,호주 퍼스 남서쪽 2243km 해역,2022-02-05 5:53,10
2.02E+11,1,지진정보,2.02E+11,2.02E+13,37.41,129.51,2.3,강원 삼척시 동쪽 31km 해역,2022-02-04 2:51,16
2.02E+11,3,국외지진,2.02E+11,2.02E+13,-4.46,-76.94,6.5,페루 모요밤바 북쪽 176km 지역,2022-02-04 1:29,100
2.02E+11,1,지진정보,2.02E+11,2.02E+13,35.72,128.99,2.4,경북 청도군 동북동쪽 24km 지역,2022-02-02 12:09,19
2.02E+11,3,국외지진,2.02E+11,2.02E+13,5.49,-82.59,6.1,파나마 아레나스 남서쪽 282km 해역,2022-01-29 0:00,10
2.02E+11,1,지진정보,2.02E+11,2.02E+13,34.37,127.3,2.3,전남 고흥군 남쪽 26km 해역,2022-01-29 0:00,9
2.02E+11,3,국외지진,2.02E+11,2.02E+13,-55.43,-28.77,6,남대서양 사우스 샌드위치제도 해역 ,2022-01-25 10:57,35
2.02E+11,3,국외지진,2.02E+11,2.02E+13,3.7,126.68,6,인도네시아 비퉁 북북동쪽 299km 해역,2022-01-22 11:51,24
2.02E+11,3,국외지진,2.02E+11,2.02E+13,32.7,132.1,6.4,일본 오이타현(규슈) 오이타 남동쪽 75km 해역,2022-01-22 1:20,40
2.02E+11,3,국외지진,2.02E+11,2.02E+13,-6.45,154.82,6.1,파푸아뉴기니 부건빌 아라와 서남서쪽 86km 해역,2022-01-16 22:15,408
2.02E+11,3,국외지진,2.02E+11,2.02E+13,-6.93,105.25,6.6,인도네시아 랑카스비퉁 서남서쪽 127km 해역,2022-01-14 18:31,37
2.02E+11,3,국외지진,2.02E+11,2.02E+13,35.15,31.91,6.6,키프로스 폴리스 서북서쪽 48km 해역,2022-01-11 10:28,20
2.02E+11,3,국외지진,2.02E+11,2.02E+13,37.77,101.26,6.9,중국 간쑤성 진창시 남서쪽 115km 지역 ,2022-01-08 3:23,10
2.02E+11,3,국외지진,2.02E+11,2.02E+13,11.95,-87.2,6.2,니카라과 코린토 남쪽 59km 해역,2022-01-07 1:48,28
2.02E+11,3,국외지진,2.02E+11,2.02E+13,-4.8,125.05,6,인도네시아 카타부 동쪽 281km 해역,2022-01-05 6:24,556
2.02E+11,3,국외지진,2.02E+11,2.02E+13,27.1,142.5,6.3,일본 시즈오카현(혼슈) 시즈오카 남남동쪽 959km 해역,2022-01-04 6:23,70
2.02E+11,3,국외지진,2.02E+11,2.02E+13,24.02,122.18,6,대만 화롄 동쪽 64km 해역,2022-01-03 18:56,19
2.02E+11,1,지진정보,2.02E+11,2.02E+13,41.3,129.17,2.2,북한 함경북도 길주 북북서쪽 41km 지역,2021-12-30 18:50,14
2.02E+11,1,지진정보,2.02E+11,2.02E+13,41.31,129.21,2.3,북한 함경북도 길주 북북서쪽 41km 지역,2021-12-30 15:18,19
2.02E+11,3,국외지진,2.02E+11,2.02E+13,-7.59,127.58,7.3,동티모르 로스팔로스 북북동쪽 121km 해역,2021-12-30 3:48,167
2.02E+11,3,국외지진,2.02E+11,2.02E+13,25.3,125.7,6,일본 오키나와현 오키나와 서남서쪽 223km 해역,2021-12-26 23:48,40
2.02E+11,3,국외지진,2.02E+11,2.02E+13,-56.85,-24.09,6,사우스 샌드위치 제도 해역 ,2021-12-20 13:01,10
2.02E+11,3,국외지진,2.02E+11,2.02E+13,-16.28,178.55,6.3,피지 라바사 서쪽 88km 해역,2021-12-20 1:51,10
2.02E+11,3,국외지진,2.02E+11,2.02E+13,-47.1,33.46,6,남아프리카공화국 포트엘리자베스 남남동쪽 1598km 해역,2021-12-19 5:43,10
2.02E+11,3,국외지진,2.02E+11,2.02E+13,-60.23,-23.85,6.1,사우스 샌드위치 제도 해역 ,2021-12-17 6:56,10
2.02E+11,1,지진정보,2.02E+11,2.02E+13,33.12,126.18,3.2,제주 서귀포시 서남서쪽 38km 해역,2021-12-17 6:27,18
2.02E+11,1,지진정보,2.02E+11,2.02E+13,35.79,127.8,2.3,경남 거창군 북서쪽 15km 지역,2021-12-15 22:07,10
2.02E+11,1,지진정보,2.02E+11,2.02E+13,33.14,126.15,2.8,제주 서귀포시 서남서쪽 40km 해역,2021-12-15 15:11,14
2.02E+11,1,지진정보,2.02E+11,2.02E+13,33.09,126.16,4.9,제주 서귀포시 서남서쪽 41km 해역,2021-12-14 17:24,17
2.02E+11,4,지진조기경보,2.02E+11,2.02E+13,33.15,126.24,5.3,제주 서귀포시 서남서쪽 32km 해역,2021-12-14 17:20,
2.02E+11,3,국외지진,2.02E+11,2.02E+13,-7.8,122.3,7.6,인도네시아 마우메레 북쪽 91km 해역,2021-12-14 12:38,76
2.02E+11,3,국외지진,2.02E+11,2.02E+13,-60.69,154.11,6.5,호주 매쿼리섬 남서쪽 720km 해역,2021-12-12 18:29,10
2.02E+11,3,국외지진,2.02E+11,2.02E+13,36.1,139.9,5,일본 고시가야 북북동쪽 25km 지역,2021-12-12 12:41,50
2.02E+11,3,국외지진,2.02E+11,2.02E+13,29.4,129.4,6,일본 가고시마현(규슈) 가고시마 남남서쪽 268km 해역,2021-12-09 11:19,20
2.02E+11,1,지진정보,2.02E+11,2.02E+13,33.85,125.51,2.6,전남 신안군 흑산도 남쪽 91km 해역,2021-12-09 11:03,17
2.02E+11,3,국외지진,2.02E+11,2.02E+13,4.07,128.14,6,인도네시아 토벨로 북쪽 259km 해역,2021-12-05 9:11,174
2.02E+11,1,지진정보,2.02E+11,2.02E+13,38.02,124.52,2.3,인천 옹진군 백령도 서북서쪽 16km 해역,2021-12-04 23:48,20
2.02E+11,3,국외지진,2.02E+11,2.02E+13,33.8,135.2,5.4,일본 와카야마현(혼슈) 와카야마 남쪽 48km 해역,2021-12-03 9:39,20
2.02E+11,3,국외지진,2.02E+11,2.02E+13,36.2,140,5,일본 도치기현(혼슈) 우쓰노미야 남남동쪽 41km 지역,2021-12-02 2:07,60
2.02E+11,3,국외지진,2.02E+11,2.02E+13,-3.52,151.16,6,파푸아뉴기니 뉴아일랜드 남남동쪽 113km 해역 ,2021-11-30 20:05,10
2.02E+11,3,국외지진,2.02E+11,2.02E+13,31.1,142.8,6.6,일본 지바현(혼슈) 지바 남남동쪽 560km 해역,2021-11-29 21:53,10
2.02E+11,3,국외지진,2.02E+11,2.02E+13,-4.5,-76.7,7.4,페루 바랑카 북쪽 36km 지역 ,2021-11-28 20:07,99
2.02E+11,3,국외지진,2.02E+11,2.02E+13,-10.75,166.49,6,솔로몬 제도 라타 동쪽 75km 해역,2021-11-25 21:27,40
2.02E+11,1,지진정보,2.02E+11,2.02E+13,35.48,127.11,2.1,전북 순창군 북북서쪽 12km 지역,2021-11-22 5:24,7
2.02E+11,1,지진정보,2.02E+11,2.02E+13,33.85,124.77,2.2,전남 신안군 흑산도 남남서쪽 109km 해역,2021-11-19 2:40,11
2.02E+11,3,국외지진,2.02E+11,2.02E+13,-5.32,153.67,6.2,파푸아뉴기니 코코포 남동쪽 189km 해역,2021-11-18 23:30,36
2.02E+11,3,국외지진,2.02E+11,2.02E+13,33.5,121.19,5,중국 상해 북쪽 254km 해역,2021-11-17 15:26,17
2.02E+11,1,지진정보,2.02E+11,2.02E+13,35.66,129.75,2.9,울산 동구 동북동쪽 35km 해역,2021-11-17 1:43,19
2.02E+11,1,지진정보,2.02E+11,2.02E+13,34.5,125.9,2.1,전남 진도군 서쪽 33km 해역,2021-11-16 20:58,8
2.02E+11,1,지진정보,2.02E+11,2.02E+13,35.06,125.06,2.1,전남 신안군 흑산도 북서쪽 54km 해역,2021-11-16 12:03,18
2.02E+11,3,국외지진,2.02E+11,2.02E+13,-37.49,51.27,6,마다가스카르 톨라나로 남남동쪽 1440km 해역,2021-11-15 13:52,10
2.02E+11,3,국외지진,2.02E+11,2.02E+13,27.74,56.08,6.3,이란 반다르 아바스 북북서쪽 64km 지역,2021-11-14 21:33,10
2.02E+11,1,지진정보,2.02E+11,2.02E+13,36.15,129.38,2.1,경북 포항시 북구 북쪽 12km 지역,2021-11-12 1:37,8
2.02E+11,3,국외지진,2.02E+11,2.02E+13,23.3,126.6,6.6,일본 오키나와현 오키나와 남남서쪽 342km 해역,2021-11-11 0:55,10
2.02E+11,3,국외지진,2.02E+11,2.02E+13,11.23,-86.52,6.2,니카라과 마사차파 남쪽 61km 해역,2021-11-09 16:00,35
2.02E+11,3,국외지진,2.02E+11,2.02E+13,-58.05,-25.32,6.1,사우스 샌드위치 제도 해역,2021-11-01 9:23,35
2.02E+11,3,국외지진,2.02E+11,2.02E+13,36.5,140.6,5.2,일본 이바라키현(혼슈) 미토 북동쪽 19km 지역,2021-11-01 6:22,60
2.02E+11,3,국외지진,2.02E+11,2.02E+13,-58.34,-14.81,6,사우스 샌드위치 제도 해역,2021-10-26 15:12,10
2.02E+11,3,국외지진,2.02E+11,2.02E+13,24.53,121.79,6.5,대만 타이베이 남남동쪽 62km 지역,2021-10-24 14:21,67
2.02E+11,1,지진정보,2.02E+11,2.02E+13,36.9,128.22,2.4,충북 제천시 남쪽 26km 지역,2021-10-22 6:56,14
2.02E+11,3,국외지진,2.02E+11,2.02E+13,-25.24,179.64,6,남태평양 피지 수바 남쪽 799km 해역 ,2021-10-21 17:43,497
2.02E+11,1,지진정보,2.02E+11,2.02E+13,35.9,129.75,2.2,경북 포항시 남구 동남동쪽 37km 해역,2021-10-19 22:18,22
2.02E+11,3,국외지진,2.02E+11,2.02E+13,34.57,28.39,6,그리스 로도스 남쪽 208km 해역,2021-10-19 14:59,38
2.02E+11,1,지진정보,2.02E+11,2.02E+13,40.41,127.27,2.8,북한 함경남도 장진 북동쪽 4km 지역,2021-10-19 7:12,
2.02E+11,1,지진정보,2.02E+11,2.02E+13,40.37,127.28,2.6,북한 함경남도 장진 동남동쪽 4km 지역,2021-10-19 7:00,
2.02E+11,3,국외지진,2.02E+11,2.02E+13,-13.74,166.94,6.1,바누아투 산마 루간빌 북쪽 200km 해역,2021-10-18 16:55,97
2.02E+11,1,지진정보,2.02E+11,2.02E+13,41.26,129.45,2.4,북한 함경북도 길주 북북동쪽 36km 지역,2021-10-18 0:11,33
2.02E+11,3,국외지진,2.02E+11,2.02E+13,-8.88,158.43,6.6,솔로몬제도 부알라 서남서쪽 151km 해역,2021-10-15 11:58,33
2.02E+11,3,국외지진,2.02E+11,2.02E+13,35.19,26.26,6.4,그리스 크레타섬 헤라클리온 동쪽 102km 지역,2021-10-12 23:48,10
2.02E+11,1,지진정보,2.02E+11,2.02E+13,35.1,125.06,2.1,전남 신안군 흑산도 북서쪽 58km 해역,2021-10-10 2:23,7
2.02E+11,3,국외지진,2.02E+11,2.02E+13,-21.06,174.47,7,피지 나디 남서쪽 476km 해역,2021-10-09 20:17,524
2.02E+11,3,국외지진,2.02E+11,2.02E+13,-58.78,158.45,6.1,뉴질랜드 크라이스트처치 남서쪽 1960km 해역,2021-10-08 5:45,10
2.02E+11,3,국외지진,2.02E+11,2.02E+13,35.6,140.1,6.1,일본 지바현(혼슈) 지바 남서쪽 1km 지역,2021-10-07 22:50,80
2.02E+11,1,지진정보,2.02E+11,2.02E+13,35.25,127.86,2.5,경남 하동군 북북동쪽 23km 지역,2021-10-06 22:00,13
2.02E+11,3,국외지진,2.02E+11,2.02E+13,25.7,125,5.5,일본 오키나와현 오키나와 서남서쪽 274km 해역,2021-10-06 3:15,20
2.02E+11,3,국외지진,2.02E+11,2.02E+13,40,142.4,6,일본 이와테현(혼슈) 모리오카 동북동쪽 111km 해역,2021-10-06 2:54,50
2.02E+11,3,국외지진,2.02E+11,2.02E+13,25.8,125,5.4,일본 오키나와현 오키나와 서쪽 272km 해역,2021-10-06 2:42,10
2.02E+11,3,국외지진,2.02E+11,2.02E+13,-60.43,-27.51,6.2,사우스 샌드위치 제도 해역,2021-10-04 13:18,10
2.02E+11,3,국외지진,2.02E+11,2.02E+13,-20.87,174.93,7.2,피지 수바 남서쪽 477km 해역,2021-10-02 15:47,487
2.02E+11,3,국외지진,2.02E+11,2.02E+13,38.8,135.5,6.1,일본 이시카와현(혼슈) 가나자와 북북서쪽 269km 해역,2021-09-29 17:49,400
2.02E+11,3,국외지진,2.02E+11,2.02E+13,35.25,25.26,6,그리스 크레타섬 헤라클리온 남동쪽 14km 지역,2021-09-27 15:46,9
2.02E+11,3,국외지진,2.02E+11,2.02E+13,24.32,121.69,5.7,대만 화롄 북북동쪽 43km 지역,2021-09-26 7:33,45
2.02E+11,1,지진정보,2.02E+11,2.02E+13,35.42,128.49,2.6,경남 창녕군 남쪽 14km 지역,2021-09-23 12:07,16
2.02E+11,3,국외지진,2.02E+11,2.02E+13,12.1,-87.8,6.7,니카라과 코린토 서남서쪽 80km 해역,2021-09-22 19:17,10
2.02E+11,3,국외지진,2.02E+11,2.02E+13,-36.79,-74.03,6.4,칠레 비오비오주 콘셉시온 서쪽 88km 해역,2021-09-21 22:41,13
2.02E+11,3,국외지진,2.02E+11,2.02E+13,45.8,153.5,6.5,일본 홋카이도 구시로 동북동쪽 789km 해역,2021-09-21 5:45,10
2.02E+11,1,지진정보,2.02E+11,2.02E+13,34.88,127.25,2.2,전남 보성군 북동쪽 20km 지역,2021-09-20 7:03,8
2.02E+11,3,국외지진,2.02E+11,2.02E+13,36.3,137.6,5,일본 도야마현(혼슈) 도야마 남동쪽 56km 지역,2021-09-19 17:26,10
2.02E+11,1,지진정보,2.02E+11,2.02E+13,36.71,126.12,2.2,충남 태안군 서남서쪽 16km 지역,2021-09-17 5:34,8
2.02E+11,3,국외지진,2.02E+11,2.02E+13,37.5,137.3,5.2,일본 도야마현(혼슈) 도야마 북쪽 90km 지역,2021-09-16 19:02,10
2.02E+11,3,국외지진,2.02E+11,2.02E+13,29.2,105.34,6,중국 쓰촨성 루저우시 북북서쪽 37km 지역,2021-09-16 6:03,10
2.02E+11,3,국외지진,2.02E+11,2.02E+13,32.2,138.2,6.2,일본 시즈오카현(혼슈) 시즈오카 남쪽 309km 해역,2021-09-14 7:56,450
2.02E+11,1,지진정보,2.02E+11,2.02E+13,35.41,128.78,2.2,경남 밀양시 남남동쪽 11km 지역,2021-09-14 3:40,16
2.02E+11,3,국외지진,2.02E+11,2.02E+13,24.12,121.02,5.6,대만 화롄 서북서쪽 57km 지역,2021-09-13 19:53,47
2.02E+11,3,국외지진,2.02E+11,2.02E+13,-23.89,-67.02,6.2,아르헨티나 샌안토니오 데로스 코브레스 서북서쪽 79km 지역,2021-09-13 14:47,193
2.02E+11,1,지진정보,2.02E+11,2.02E+13,35.53,128.53,2.1,경남 창녕군 동남동쪽 4km 지역,2021-09-12 2:09,13
2.02E+11,1,지진정보,2.02E+11,2.02E+13,41.29,129.15,2.1,북한 함경북도 길주 북북서쪽 40km 지역,2021-09-11 4:42,8
2.02E+11,3,국외지진,2.02E+11,2.02E+13,17.1,-99.6,7.4,멕시코 아카풀코 남서쪽 43km 지역,2021-09-08 11:09,50
2.02E+11,1,지진정보,2.02E+11,2.02E+13,41.3,129.13,2.4,북한 함경북도 길주 북북서쪽 42km 지역,2021-09-01 23:48,15
2.02E+11,1,지진정보,2.02E+11,2.02E+13,36.98,125.02,2.6,충남 태안군 서격렬비도 북서쪽 62km 해역,2021-08-29 18:53,15
2.02E+11,1,지진정보,2.02E+11,2.02E+13,35.31,128.49,2.2,경남 함안군 동북동쪽 9km 지역,2021-08-29 13:07,9
2.02E+11,1,지진정보,2.02E+11,2.02E+13,35,127.73,2.2,전남 광양시 북북동쪽 7km 지역,2021-08-28 7:08,15
2.02E+11,1,지진정보,2.02E+11,2.02E+13,35.07,125.12,2.3,전남 신안군 흑산도 북북서쪽 52km 해역,2021-08-26 16:03,17
2.02E+11,3,국외지진,2.02E+11,2.02E+13,-60.3,-25,7.2,사우스 샌드위치 제도 해역,2021-08-23 6:54,10
2.02E+11,1,지진정보,2.02E+11,2.02E+13,35.7,124.7,4,전북 군산시 어청도 서남서쪽 124km 해역,2021-08-21 9:47,7
2.02E+11,5,지진속보,2.02E+11,2.02E+13,35.72,124.7,4,전북 군산시 어청도 서남서쪽 123km 해역,2021-08-21 9:42,
2.02E+11,1,지진정보,2.02E+11,2.02E+13,38.37,127.99,2.1,북한 강원 회양 남동쪽 50km 지역,2021-08-20 22:35,5
2.02E+11,1,지진정보,2.02E+11,2.02E+13,35.1,129.84,2.1,부산 기장군 동남동쪽 58km 해역,2021-08-18 17:02,
2.02E+11,1,지진정보,2.02E+11,2.02E+13,35.1,129.78,2,부산 기장군 동남동쪽 53km 해역,2021-08-15 9:38,18
2.02E+11,3,국외지진,2.02E+11,2.02E+13,18.35,-73.48,7.2,아이티 세인트 루이스 두 서드 북동쪽 12km 지역,2021-08-14 21:59,10
2.02E+11,3,국외지진,2.02E+11,2.02E+13,-57.6,-25.19,7.5,남 샌드위치 아일랜드 브리스톨섬 북북동쪽 180km 해역 ,2021-08-13 4:06,63
2.02E+11,3,국외지진,2.02E+11,2.02E+13,6.46,126.74,7.1,필리핀 민다나오섬 다바오 남동쪽 143km 해역,2021-08-12 3:26,66
2.02E+11,3,국외지진,2.02E+11,2.02E+13,23.15,121.29,5.4,대만 화롄 남남서쪽 93km 지역,2021-08-06 20:24,6
2.02E+11,3,국외지진,2.02E+11,2.02E+13,24.79,122.21,5.5,대만 타이베이 동남동쪽 72km 해역,2021-08-06 17:21,8
2.02E+11,3,국외지진,2.02E+11,2.02E+13,24.8,122.45,6.1,대만 타이베이 동남동쪽 95km 해역,2021-08-05 7:10,17
2.02E+11,3,국외지진,2.02E+11,2.02E+13,36.2,142,5.8,일본 이바라키현(혼슈) 미토 동쪽 138km 해역,2021-08-04 13:49,30
2.02E+11,3,국외지진,2.02E+11,2.02E+13,36.3,141.8,6,일본 이바라키현(혼슈) 미토 동쪽 119km 해역,2021-08-04 5:45,40
2.02E+11,1,지진정보,2.02E+11,2.02E+13,35.65,129.53,2.2,울산 북구 동북동쪽 17km 해역,2021-08-01 14:24,13
2.02E+11,3,국외지진,2.02E+11,2.02E+13,43.3,141.8,5,일본 홋카이도 삿포로 북동쪽 45km 지역,2021-07-31 14:36,180
2.02E+11,1,지진정보,2.02E+11,2.02E+13,35.65,128.4,2.5,대구 달성군 남남서쪽 14km 지역,2021-07-31 5:21,22
2.02E+11,3,국외지진,2.02E+11,2.02E+13,-4.92,-80.61,6.1,페루 수야나 동쪽 8km 지역,2021-07-31 2:38,33
2.02E+11,1,지진정보,2.02E+11,2.02E+13,36.32,128.21,2.2,경북 상주시 남남동쪽 11km 지역,2021-07-26 6:56,14
2.02E+11,3,국외지진,2.02E+11,2.02E+13,33.2,139.4,5.5,일본 시즈오카현(혼슈) 시즈오카 남남동쪽 218km 해역,2021-07-16 13:31,10
2.02E+11,3,국외지진,2.02E+11,2.02E+13,23.95,121.6,5.2,대만 화롄 동쪽 5km 지역,2021-07-14 8:10,6
2.02E+11,3,국외지진,2.02E+11,2.02E+13,23.9,121.58,5.4,대만 화롄 남남동쪽 6km 지역,2021-07-08 7:24,10
2.02E+11,3,국외지진,2.02E+11,2.02E+13,23.9,121.59,5.4,대만 화롄 남동쪽 7km 지역,2021-07-07 20:36,8
2.02E+11,1,지진정보,2.02E+11,2.02E+13,36.77,128.46,2.3,경북 예천군 북쪽 14km 지역,2021-07-07 7:02,20
2.02E+11,3,국외지진,2.02E+11,2.02E+13,43.5,142.7,5.4,일본 홋카이도 삿포로 동북동쪽 119km 지역,2021-06-20 20:17,160
2.02E+11,1,지진정보,2.02E+11,2.02E+13,35.81,129.77,2.4,경북 포항시 남구 동남동쪽 43km 해역,2021-06-14 22:46,20
2.02E+11,1,지진정보,2.02E+11,2.02E+13,41.29,129.13,2.5,북한 함경북도 길주 북북서쪽 41km 지역,2021-06-14 0:41,15
2.02E+11,1,지진정보,2.02E+11,2.02E+13,36.97,130.34,2,경북 울릉군 울릉도 남서쪽 76km 해역,2021-06-13 6:19,26
2.02E+11,3,국외지진,2.02E+11,2.02E+13,23.89,121.53,5.3,대만 화롄 남남서쪽 7km 지역,2021-06-11 16:44,11
2.02E+11,3,국외지진,2.02E+11,2.02E+13,23.9,121.54,5,대만 화롄 남쪽 6km 지역,2021-06-11 14:30,11
2.02E+11,1,지진정보,2.02E+11,2.02E+13,33.68,128.07,2.1,전남 여수시 거문도 동남동쪽 80km 해역,2021-06-07 18:39,13
2.02E+11,1,지진정보,2.02E+11,2.02E+13,38.73,126.06,2.4,북한 황해북도 연산 남서쪽 23km 지역,2021-05-31 0:12,9
2.02E+11,3,국외지진,2.02E+11,2.02E+13,27.6,141.1,5.6,일본 시즈오카현(혼슈) 시즈오카 남남동쪽 860km 해역,2021-05-30 22:48,540
2.02E+11,3,국외지진,2.02E+11,2.02E+13,36.4,141.8,5.6,일본 이바라키현(혼슈) 미토 동쪽 119km 해역,2021-05-29 10:20,20
2.02E+11,1,지진정보,2.02E+11,2.02E+13,35.83,124.56,2.2,충남 태안군 서격렬비도 남서쪽 124km 해역,2021-05-26 6:19,
2.02E+11,3,국외지진,2.02E+11,2.02E+13,34.59,98.26,7.4,중국 칭하이성 시닝 남서쪽 389km 지역,2021-05-22 3:32,10
2.02E+11,3,국외지진,2.02E+11,2.02E+13,25.77,100.01,6,중국 윈난성 다리 북서쪽 29km 지역,2021-05-21 23:15,10
2.02E+11,3,국외지진,2.02E+11,2.02E+13,41.9,144.9,6.1,일본 홋카이도 구시로 남남동쪽 128km 해역,2021-05-16 12:32,60
2.02E+11,3,국외지진,2.02E+11,2.02E+13,37.7,141.8,6,일본 미야기현(혼슈) 센다이 남동쪽 103km 해역,2021-05-14 9:06,40
2.02E+11,1,지진정보,2.02E+11,2.02E+13,35.89,127.33,2,전북 완주군 동쪽 15km 지역,2021-05-13 6:09,10
2.02E+11,1,지진정보,2.02E+11,2.02E+13,35.89,129.67,2,경북 포항시 남구 동남동쪽 31km 해역,2021-05-04 22:47,19
2.02E+11,3,국외지진,2.02E+11,2.02E+13,25.7,123.8,5.8,일본 오키나와현 이리오모테섬 북쪽 150km 해역,2021-05-03 14:26,190
2.02E+11,3,국외지진,2.02E+11,2.02E+13,38.1,141.8,6.6,일본 미야기현(혼슈) 센다이 동남동쪽 83km 해역,2021-05-01 10:35,60
2.02E+11,1,지진정보,2.02E+11,2.02E+13,35.52,128.88,2.1,경남 밀양시 동쪽 12km 지역,2021-04-30 16:20,7
2.02E+11,1,지진정보,2.02E+11,2.02E+13,35.65,129.83,2,울산 동구 동북동쪽 41km 해역,2021-04-29 5:17,18
2.02E+11,1,지진정보,2.02E+11,2.02E+13,35.65,129.79,2.5,울산 동구 동북동쪽 37km 해역,2021-04-28 12:06,20
2.02E+11,3,국외지진,2.02E+11,2.02E+13,26.79,92.42,6,인도 아삼 데키아줄리 북북서쪽 10km 지역 ,2021-04-28 11:47,29
2.02E+11,1,지진정보,2.02E+11,2.02E+13,37.48,124.36,2.3,인천 옹진군 백령도 남남서쪽 60km 해역,2021-04-25 17:13,5
2.02E+11,1,지진정보,2.02E+11,2.02E+13,40.49,127.51,2.2,북한 함경남도 장진 동북동쪽 26km 지역,2021-04-23 3:15,6
2.02E+11,1,지진정보,2.02E+11,2.02E+13,35.08,125.05,2.6,전남 신안군 흑산도 북서쪽 57km 해역,2021-04-20 2:18,15
2.02E+11,1,지진정보,2.02E+11,2.02E+13,41.28,129.13,2.7,북한 함경북도 길주 북북서쪽 40km 지역,2021-04-19 16:42,20
2.02E+11,1,지진정보,2.02E+11,2.02E+13,35.07,125.08,3.7,전남 신안군 흑산도 북서쪽 54km 해역,2021-04-19 14:26,15
2.02E+11,3,국외지진,2.02E+11,2.02E+13,23.87,121.49,5.8,대만 화롄 남서쪽 11km 지역,2021-04-18 23:20,15
2.02E+11,3,국외지진,2.02E+11,2.02E+13,38.3,141.9,5.8,일본 미야기현(혼슈) 센다이 동쪽 90km 해역,2021-04-18 9:38,50
2.02E+11,1,지진정보,2.02E+11,2.02E+13,37.29,127.71,2.2,경기 여주시 동쪽 7km 지역,2021-04-16 1:48,11
2.02E+11,1,지진정보,2.02E+11,2.02E+13,36.02,126.91,2,전북 익산시 북북서쪽 9km 지역,2021-04-13 22:01,13
2.02E+11,3,국외지진,2.02E+11,2.02E+13,33.7,140.5,5.8,일본 가나가와현(혼슈) 요코하마 남남동쪽 209km 해역,2021-03-28 9:34,50
2.02E+11,3,국외지진,2.02E+11,2.02E+13,26.1,125,6.2,일본 오키나와현 오키나와 서쪽 268km 해역,2021-03-27 7:14,150
2.02E+11,3,국외지진,2.02E+11,2.02E+13,38.4,141.7,7.2,일본 미야기현(혼슈) 센다이 동쪽 74km 해역,2021-03-20 18:22,
2.02E+11,3,국외지진,2.02E+11,2.02E+13,31.94,92.74,6.1,중국 티베트 나취 북동쪽 83km 지역,2021-03-19 15:46,10
2.02E+11,1,지진정보,2.02E+11,2.02E+13,35.76,129.19,2.6,경북 경주시 남남서쪽 11km 지역,2021-03-16 2:57,18
2.02E+11,3,국외지진,2.02E+11,2.02E+13,20.89,144.32,5.7,마리아나 제도 해역,2021-03-07 4:27,10
2.02E+11,3,국외지진,2.02E+11,2.02E+13,21.1,144.47,5.5,마리아나 제도 해역,2021-03-07 3:47,14
2.02E+11,3,국외지진,2.02E+11,2.02E+13,39.76,22.18,6.3,그리스 테살리아 라리사  북서쪽 25km 지역,2021-03-03 19:40,10
2.02E+11,3,국외지진,2.02E+11,2.02E+13,21.91,121.13,5.8,대만 카오슝 남동쪽 115km 해역,2021-03-02 18:31,31
2.02E+11,1,지진정보,2.02E+11,2.02E+13,35.47,126.34,2.2,전남 영광군 북서쪽 27km 해역,2021-02-21 9:07,18
2.02E+11,1,지진정보,2.02E+11,2.02E+13,35.99,126.84,2.5,전북 군산시 동북동쪽 10km 지역,2021-02-15 19:03,14
2.02E+11,3,국외지진,2.02E+11,2.02E+13,37.7,141.8,7.1,일본 미야기현(혼슈) 센다이 남동쪽 103km 해역,2021-02-13 23:15,60
2.02E+11,3,국외지진,2.02E+11,2.02E+13,-23.1,171.5,7.9,뉴칼레도니아 누메아 동쪽 526km 해역  ,2021-02-10 22:43,33
2.02E+11,1,지진정보,2.02E+11,2.02E+13,37.32,126.24,2.1,인천 옹진군 서남서쪽 38km 해역,2021-02-10 19:32,9
2.02E+11,3,국외지진,2.02E+11,2.02E+13,24.37,122.02,5.7,대만 화롄 북동쪽 67km 해역,2021-02-09 2:24,24
2.02E+11,3,국외지진,2.02E+11,2.02E+13,24.36,122.36,5.5,대만 화롄 동북동쪽 94km 해역,2021-02-09 2:06,69
2.02E+11,1,지진정보,2.02E+11,2.02E+13,40.64,127.62,2.3,북한 함경남도 장진 북동쪽 43km 지역,2021-02-08 8:30,24
2.02E+11,1,지진정보,2.02E+11,2.02E+13,40.67,127.45,3.2,북한 함경남도 장진 북북동쪽 37km 지역,2021-02-08 4:19,24
2.02E+11,3,국외지진,2.02E+11,2.02E+13,6.76,125.21,6,필리핀 막사이사이 동쪽 2km 지역,2021-02-07 13:47,25
2.02E+11,3,국외지진,2.02E+11,2.02E+13,24.66,122.6,6.1,대만 타이베이 동남동쪽 114km 해역,2021-02-07 2:52,112
2.02E+11,1,지진정보,2.02E+11,2.02E+13,35.81,127.53,2.7,전북 장수군 북쪽 18km 지역,2021-02-06 4:44,5
2.02E+11,1,지진정보,2.02E+11,2.02E+13,37.32,126.24,2.2,인천 옹진군 서남서쪽 38km 해역,2021-02-03 12:22,8
2.02E+11,3,국외지진,2.02E+11,2.02E+13,22.5,143.6,5.7,일본 시즈오카현(혼슈) 시즈오카 남남동쪽 1477km 해역,2021-02-01 1:11,150
2.02E+11,3,국외지진,2.02E+11,2.02E+13,42.7,142,5.4,일본 홋카이도 삿포로 남동쪽 66km 지역,2021-01-27 14:15,130
2.02E+11,3,국외지진,2.02E+11,2.02E+13,23.37,123.71,5.7,대만 화롄 동남동쪽 229km 해역,2021-01-25 16:35,60
2.02E+11,3,국외지진,2.02E+11,2.02E+13,-61.85,-55.56,7,사우스셰틀랜드 제도 해역,2021-01-24 9:00,8
2.02E+11,1,지진정보,2.02E+11,2.02E+13,35.84,125.14,2.1,전북 군산시 어청도 서남서쪽 81km 해역,2021-01-24 6:29,11
2.02E+11,3,국외지진,2.02E+11,2.02E+13,5.01,127.52,7,필리핀 민다나오섬 다바오 남동쪽 312km 해역,2021-01-21 21:47,96
2.02E+11,3,국외지진,2.02E+11,2.02E+13,-31.84,-68.81,6.4,아르헨티나 산후안 남서쪽 42km ,2021-01-19 12:18,14
2.02E+11,3,국외지진,2.02E+11,2.02E+13,35.79,123.97,4.6,중국 청도 동쪽 332km 해역,2021-01-19 4:19,12
2.02E+11,1,지진정보,2.02E+11,2.02E+13,35.72,129.4,1.1,경북 경주시 남동쪽 22km 지역,2021-01-17 2:07,12
2.02E+11,3,국외지진,2.02E+11,2.02E+13,-3.01,118.92,6.2,인도네시아 서 술라웨시 마무주 남쪽 36km 지역,2021-01-15 3:53,18
2.02E+11,1,지진정보,2.02E+11,2.02E+13,36.86,125.43,2.1,충남 태안군 서격렬비도 북북서쪽 30km 해역,2021-01-14 8:21,
2.02E+11,3,국외지진,2.02E+11,2.02E+13,43.6,140,5.6,일본 홋카이도 삿포로 서북서쪽 125km 해역,2021-01-12 11:49,240
2.02E+11,3,국외지진,2.02E+11,2.02E+13,51.24,100.44,6.8,몽골 무릉 북쪽 180km 지역,2021-01-12 7:03,10
2.02E+11,3,국외지진,2.02E+11,2.02E+13,-24.02,-66.67,6.1,아르헨티나 살타 북서쪽 153km 지역,2021-01-10 13:21,203
2.02E+11,3,국외지진,2.02E+11,2.02E+13,24.72,122.04,5.7,대만 타이베이 남동쪽 61km 해역,2021-01-09 20:46,72
2.02E+11,3,국외지진,2.02E+11,2.02E+13,36.4,140.6,5.1,일본 이바라키현(혼슈) 미토 동북동쪽 12km 지역,2020-12-30 9:45,60
2.02E+11,3,국외지진,2.02E+11,2.02E+13,45.41,16.3,6.4,크로아티아 페트리냐 남남동쪽 2km 지역,2020-12-29 20:43,10
2.02E+11,3,국외지진,2.02E+11,2.02E+13,13.8,120.66,6.2,필리핀 칼라타간 남동쪽 4km 지역,2020-12-25 9:03,108
2.02E+11,1,지진정보,2.02E+11,2.02E+13,37.73,126.73,2.2,경기 파주시 남서쪽 6km 지역,2020-12-23 21:33,12
2.02E+11,3,국외지진,2.02E+11,2.02E+13,40.7,142.7,6.3,일본 아오모리현(혼슈) 아오모리 동쪽 165km 해역,2020-12-21 2:32,10
2.02E+11,1,지진정보,2.02E+11,2.02E+13,37.66,129.32,2.7,강원 동해시 북동쪽 24km 해역,2020-12-18 17:21,16
2.02E+11,1,지진정보,2.02E+11,2.02E+13,37.7,125.17,2.3,북한 황해남도 옹진 남남서쪽 31km 해역,2020-12-15 17:42,16
2.02E+11,3,국외지진,2.02E+11,2.02E+13,-21.82,-68.73,6,칠레 칼라마 북북동쪽 73km 지역,2020-12-15 0:44,114
2.02E+11,3,국외지진,2.02E+11,2.02E+13,40.1,142.2,5.5,일본 이와테현(혼슈) 모리오카 동북동쪽 100km 해역,2020-12-12 16:26,50
2.02E+11,3,국외지진,2.02E+11,2.02E+13,24.53,121.99,5.6,대만 타이베이 남동쪽 73km 해역,2020-12-11 3:27,63
2.02E+11,3,국외지진,2.02E+11,2.02E+13,24.74,122.03,6.7,대만 타이베이 남동쪽 59km 해역,2020-12-10 22:31,77
2.02E+11,3,국외지진,2.02E+11,2.02E+13,-20.37,-69.08,6.1,칠레 이키케 동쪽 113km 지역,2020-12-07 2:12,102
2.02E+11,3,국외지진,2.02E+11,2.02E+13,-24.38,-67.05,6.3,아르헨티나 살타 서북서쪽 172km 지역,2020-12-01 8:20,148
2.02E+11,3,국외지진,2.02E+11,2.02E+13,36.6,141.1,5.8,일본 이바라키현(혼슈) 미토 동북동쪽 62km 해역,2020-11-22 19:12,40
2.02E+11,1,지진정보,2.02E+11,2.02E+13,37.99,125.37,3.1,북한 황해남도 옹진 북쪽 7km 지역,2020-11-19 23:26,15
2.02E+11,1,지진정보,2.02E+11,2.02E+13,41.28,129.18,2.6,북한 함경북도 길주 북북서쪽 38km 지역,2020-11-17 4:08,
2.02E+11,1,지진정보,2.02E+11,2.02E+13,35.76,129.18,2.1,경북 경주시 남남서쪽 11km 지역,2020-11-15 0:06,17
2.02E+11,3,국외지진,2.02E+11,2.02E+13,25.46,142.76,5.7,일본 시즈오카현(혼슈) 시즈오카 남남동쪽 1138km 해역,2020-11-11 14:40,10
2.02E+11,1,지진정보,2.02E+11,2.02E+13,36.41,128.22,2.9,경북 상주시 동쪽 5km 지역,2020-11-08 15:31,9
2.02E+11,3,국외지진,2.02E+11,2.02E+13,25.7,144,6.2,일본 가나가와현(혼슈) 요코하마 남남동쪽 1161km 해역,2020-11-07 10:18,10
2.02E+11,1,지진정보,2.02E+11,2.02E+13,36.43,128.14,2,경북 상주시 북서쪽 3km 지역,2020-11-06 18:31,8
2.02E+11,3,국외지진,2.02E+11,2.02E+13,40.9,143.3,5.7,일본 아오모리현(혼슈) 아오모리 동쪽 215km 해역,2020-11-06 18:03,10
2.02E+11,1,지진정보,2.02E+11,2.02E+13,35.84,129.79,2.4,경북 포항시 남구 동남동쪽 43km 해역,2020-11-04 16:54,22
2.02E+11,1,지진정보,2.02E+11,2.02E+13,35.83,129.78,2.2,경북 포항시 남구 동남동쪽 43km 해역,2020-11-04 7:29,23
2.02E+11,1,지진정보,2.02E+11,2.02E+13,38.79,125.72,2.8,북한 황해북도 송림 북동쪽 10km 지역,2020-11-04 5:03,
2.02E+11,3,국외지진,2.02E+11,2.02E+13,37.9,26.8,7,그리스 사모스 섬 북서쪽 23km 해역,2020-10-30 21:21,10
2.02E+11,1,지진정보,2.02E+11,2.02E+13,33.89,125.65,2.5,전남 진도군 남서쪽 87km 해역,2020-10-25 19:15,17
2.02E+11,1,지진정보,2.02E+11,2.02E+13,33.93,127.45,2.1,전남 여수시 거문도 남동쪽 16km 해역,2020-10-24 15:13,21
2.02E+11,1,지진정보,2.02E+11,2.02E+13,35.75,129.17,2.1,경북 경주시 남남서쪽 13km 지역,2020-10-09 4:42,15
2.02E+11,3,국외지진,2.02E+11,2.02E+13,-6.11,146.24,6.7,파푸아뉴기니 모로베 라에 북서쪽 108km 지역 ,2020-10-08 16:54,116
2.02E+11,1,지진정보,2.02E+11,2.02E+13,33.92,127.44,2.1,전남 여수시 거문도 남동쪽 16km 해역,2020-10-07 4:10,22
2.02E+11,3,국외지진,2.02E+11,2.02E+13,33.5,141.1,6,일본 지바현(혼슈) 지바 남남동쪽 251km 해역,2020-10-03 18:38,70
2.02E+11,1,지진정보,2.02E+11,2.02E+13,38.83,126.03,2.3,북한 황해북도 연산 서남서쪽 20km 지역,2020-10-03 1:55,
2.02E+11,1,지진정보,2.02E+11,2.02E+13,38.74,125.9,2.6,북한 황해북도 송림 동쪽 23km 지역,2020-10-02 22:37,
2.02E+11,1,지진정보,2.02E+11,2.02E+13,38.74,125.89,2.5,북한 황해북도 송림 동쪽 22km 지역,2020-10-02 21:51,
2.02E+11,3,국외지진,2.02E+11,2.02E+13,24.85,122.13,5.9,대만 타이베이 동남동쪽 62km 해역,2020-09-30 14:10,106
2.02E+11,3,국외지진,2.02E+11,2.02E+13,35.1,137.8,5.3,일본 시즈오카현(혼슈) 시즈오카 서북서쪽 55km 지역,2020-09-27 13:20,50
2.02E+11,1,지진정보,2.02E+11,2.02E+13,36.6,129.37,2.1,경북 영덕군 북쪽 21km 지역,2020-09-22 20:13,15
2.02E+11,1,지진정보,2.02E+11,2.02E+13,36.51,127.14,2.2,충남 공주시 북북동쪽 7km 지역,2020-09-20 1:26,17
2.02E+11,3,국외지진,2.02E+11,2.02E+13,55.96,158.49,6.4,러시아 에소 서북서쪽 13km 지역,2020-09-15 13:00,330
2.02E+11,1,지진정보,2.02E+11,2.02E+13,37.64,124.6,2.9,인천 옹진군 백령도 남남서쪽 35km 해역,2020-09-13 1:00,15
2.02E+11,1,지진정보,2.02E+11,2.02E+13,36.03,128.4,2.4,경북 칠곡군 북쪽 4km 지역,2020-09-12 13:35,15
2.02E+11,3,국외지진,2.02E+11,2.02E+13,38.7,142.4,6.1,일본 미야기현(혼슈) 센다이 동북동쪽 142km 해역,2020-09-12 11:50,40
2.02E+11,3,국외지진,2.02E+11,2.02E+13,-21.38,-69.92,6.3,칠레 토코피야 북북동쪽 83km 지역,2020-09-11 16:54,40
2.02E+11,3,국외지진,2.02E+11,2.02E+13,-30.33,-71.57,6.4,칠레 코킴보 남서쪽 47km 지역 ,2020-09-06 10:48,27
2.02E+11,3,국외지진,2.02E+11,2.02E+13,36.1,136.2,5,일본 후쿠이현(혼슈) 후쿠이 북북서쪽 4km 지역,2020-09-04 9:19,10
2.02E+11,1,지진정보,2.02E+11,2.02E+13,34.38,126.2,2.3,전남 진도군 남남서쪽 13km 지역,2020-09-02 19:49,
2.02E+11,3,국외지진,2.02E+11,2.02E+13,-28.01,-71.2,7,칠레 코피아포 남서쪽 110km 해역,2020-09-01 13:39,35
2.02E+11,3,국외지진,2.02E+11,2.02E+13,-5.51,151.85,6,파푸아뉴기니 코코포 북북동쪽 138km 지역,2020-08-26 4:33,40
2.02E+11,3,국외지진,2.02E+11,2.02E+13,9.6,-84.6,6,코스타리카 산호세 남서쪽 66km 지역,2020-08-25 7:24,27
2.02E+11,1,지진정보,2.02E+11,2.02E+13,37.91,125.93,2.5,북한 황해남도 해주 남동쪽 24km 지역,2020-08-21 3:59,14
2.02E+11,1,지진정보,2.02E+11,2.02E+13,41.3,129.09,2.4,북한 함경북도 길주 북북서쪽 43km 지역,2020-08-07 22:35,
2.02E+11,3,국외지진,2.02E+11,2.02E+13,37.3,138.8,5.1,일본 니이가타현(혼슈) 니이가타 남남서쪽 70km 지역,2020-08-06 12:15,190
2.02E+11,3,국외지진,2.02E+11,2.02E+13,36.3,141.7,5.6,일본 이바라키현(혼슈) 미토 동쪽 110km 해역,2020-08-06 3:02,30
2.02E+11,1,지진정보,2.02E+11,2.02E+13,38.85,125.71,2,북한 황해북도 송림 북북동쪽 14km 지역,2020-08-05 1:43,7
2.02E+11,1,지진정보,2.02E+11,2.02E+13,36.77,128.48,2,경북 예천군 북쪽 13km 지역,2020-08-01 13:20,19
2.02E+11,1,지진정보,2.02E+11,2.02E+13,38.65,127.16,2,북한 강원 평강 북북서쪽 29km 지역,2020-08-01 3:03,17
2.02E+11,3,국외지진,2.02E+11,2.02E+13,30.6,141.9,5.8,일본 가나가와현(혼슈) 요코하마 남남동쪽 578km 해역,2020-07-30 9:48,60
2.02E+11,3,국외지진,2.02E+11,2.02E+13,24.26,122.44,6.1,대만 화롄 동북동쪽 97km 해역,2020-07-26 22:04,53
2.02E+11,1,지진정보,2.02E+11,2.02E+13,34.06,125.54,2.2,전남 신안군 흑산도 남쪽 66km 해역,2020-07-25 0:38,7
2.02E+11,3,국외지진,2.02E+11,2.02E+13,33.19,86.81,6.6,중국 티베트 라싸 북서쪽 570km 지역,2020-07-23 23:48,10
2.02E+11,1,지진정보,2.02E+11,2.02E+13,34.53,128.14,2,경남 남해군 남남동쪽 41km 해역,2020-07-20 19:07,11
2.02E+11,3,국외지진,2.02E+11,2.02E+13,-7.8,147.7,7.3,파푸아뉴기니 코코다 북쪽 119km 해역,2020-07-17 12:04,85
2.02E+11,1,지진정보,2.02E+11,2.02E+13,34.88,124.68,2.4,전남 신안군 흑산도 서북서쪽 77km 해역,2020-07-15 15:25,
2.02E+11,3,국외지진,2.02E+11,2.02E+13,39.78,118.44,5.1,중국 허베이성 탕산시 북동쪽 28km 지역,2020-07-12 8:09,10
2.02E+11,1,지진정보,2.02E+11,2.02E+13,37.88,129.58,2.7,강원 동해시 북동쪽 57km 해역,2020-07-11 22:45,
2.02E+11,1,지진정보,2.02E+11,2.02E+13,37.19,125.55,3.3,인천 옹진군 연평도 남남서쪽 54km 해역,2020-07-07 14:13,12
2.02E+11,3,국외지진,2.02E+11,2.02E+13,31.6,138.4,5.5,일본 시즈오카현(혼슈) 시즈오카 남쪽 375km 해역,2020-07-07 3:34,420
2.02E+11,1,지진정보,2.02E+11,2.02E+13,37.18,128.71,2.3,강원 영월군 동쪽 22km 지역,2020-07-03 14:04,6
2.02E+11,3,국외지진,2.02E+11,2.02E+13,35.73,82.33,6.4,중국 신장 허톈 남동쪽 260km 지역,2020-06-26 6:32,10
2.02E+11,3,국외지진,2.02E+11,2.02E+13,35.5,141.2,6.2,일본 지바현(혼슈) 지바 동쪽 100km 해역,2020-06-25 4:55,30
2.02E+11,1,지진정보,2.02E+11,2.02E+13,38.66,125.95,2.5,북한 황해북도 사리원 북동쪽 24km 지역,2020-06-24 3:53,
2.02E+11,3,국외지진,2.02E+11,2.02E+13,16.04,-95.91,7.4,멕시코 오악사카 남동쪽 144km 지역,2020-06-24 0:59,23
2.02E+11,1,지진정보,2.02E+11,2.02E+13,37.86,126.9,2.1,경기 파주시 북동쪽 15km 지역,2020-06-23 20:02,6
2.02E+11,1,지진정보,2.02E+11,2.02E+13,38.47,128.52,2.3,강원 고성군 북북동쪽 11km 해역,2020-06-21 9:54,9
2.02E+11,3,국외지진,2.02E+11,2.02E+13,24.9,123.4,5.5,일본 오키나와현 요나구니섬 북동쪽 62km 해역,2020-06-19 23:48,20
2.02E+11,3,국외지진,2.02E+11,2.02E+13,24.9,123.3,5.5,일본 오키나와현 요나구니섬 북동쪽 58km 해역,2020-06-15 4:44,
2.02E+11,3,국외지진,2.02E+11,2.02E+13,24.27,122.44,6,대만 화롄 동북동쪽 97km 해역,2020-06-14 5:29,55
2.02E+11,3,국외지진,2.02E+11,2.02E+13,28.8,128.3,6.3,일본 오키나와현 오키나와 북북동쪽 294km 해역,2020-06-14 1:01,160
2.02E+11,1,지진정보,2.02E+11,2.02E+13,36.01,128.01,2.1,경북 김천시 남남서쪽 17km 지역,2020-06-08 0:56,5
2.02E+11,1,지진정보,2.02E+11,2.02E+13,38.75,125.69,2.5,북한 황해북도 송림 동북동쪽 5km 지역,2020-06-04 2:48,6
2.02E+11,3,국외지진,2.02E+11,2.02E+13,-23.3,-68.42,6.8,칠레 산페드로 드 아타카마 남남서쪽 48km 지역,2020-06-03 17:04,97
2.02E+11,3,국외지진,2.02E+11,2.02E+13,36.2,140.4,5.3,일본 이바라키현(혼슈) 미토 남남서쪽 19km 지역,2020-06-01 6:09,100
2.02E+11,3,국외지진,2.02E+11,2.02E+13,-15.28,-70.66,6,페루 람파 서북서쪽 32km 지역,2020-05-31 14:34,153
2.02E+11,3,국외지진,2.02E+11,2.02E+13,42.5,143.7,5.8,일본 홋카이도 구시로 남서쪽 77km 해역,2020-05-31 3:23,90
2.02E+11,3,국외지진,2.02E+11,2.02E+13,36.3,137.6,5.2,일본 도야마현(혼슈) 도야마 남동쪽 56km 지역,2020-05-29 19:13,10
2.02E+11,1,지진정보,2.02E+11,2.02E+13,36.01,128.01,2.8,경북 김천시 남남서쪽 17km 지역,2020-05-27 19:27,6
2.02E+11,1,지진정보,2.02E+11,2.02E+13,37.67,125,2.1,북한 황해남도 옹진 남서쪽 43km 해역,2020-05-22 21:43,11
2.02E+11,3,국외지진,2.02E+11,2.02E+13,36.3,137.6,5.3,일본 도야마현(혼슈) 도야마 남동쪽 56km 지역,2020-05-19 13:20,10
2.02E+11,1,지진정보,2.02E+11,2.02E+13,36.1,127.34,2.8,전북 완주군 북동쪽 27km 지역,2020-05-13 15:24,12
2.02E+11,1,지진정보,2.02E+11,2.02E+13,38.68,127.18,3.8,북한 강원 평강 북북서쪽 32km 지역,2020-05-11 19:52,16
2.02E+11,5,지진속보,2.02E+11,2.02E+13,38.72,127.14,4,북한 강원 평강 북북서쪽 37km 지역,2020-05-11 19:46,
2.02E+11,3,국외지진,2.02E+11,2.02E+13,36.4,141.1,5.5,일본 이바라키현(혼슈) 미토 동쪽 56km 해역,2020-05-11 9:06,50
2.02E+11,1,지진정보,2.02E+11,2.02E+13,38.87,126.22,2.2,북한 평안남도 성천 남쪽 41km 지역,2020-05-09 12:52,8
2.02E+11,1,지진정보,2.02E+11,2.02E+13,34.66,126.4,2.2,전남 해남군 서북서쪽 21km 지역,2020-05-09 2:01,21
2.02E+11,1,지진정보,2.02E+11,2.02E+13,34.77,124.68,2.1,전남 신안군 흑산도 서쪽 73km 해역,2020-05-07 2:12,17
2.02E+11,3,국외지진,2.02E+11,2.02E+13,35.6,140.1,5,일본 지바현(혼슈) 지바 남서쪽 1km 지역,2020-05-06 2:04,70
2.02E+11,1,지진정보,2.02E+11,2.02E+13,38.47,126.16,2.4,북한 황해북도 평산 북서쪽 26km 지역,2020-05-05 6:59,
2.02E+11,3,국외지진,2.02E+11,2.02E+13,35.7,140.6,5.5,일본 지바현(혼슈) 지바 동북동쪽 46km 지역,2020-05-04 22:17,50
2.02E+11,1,지진정보,2.02E+11,2.02E+13,34.66,126.4,3.1,전남 해남군 서북서쪽 21km 지역,2020-05-03 22:11,21
2.02E+11,3,국외지진,2.02E+11,2.02E+13,31.3,128.7,6,일본 가고시마현(규슈) 가고시마 서쪽 179km 해역,2020-05-03 21:09,10
2.02E+11,3,국외지진,2.02E+11,2.02E+13,23.23,121.61,5.9,대만 화롄 남쪽 80km 해역,2020-05-03 12:56,40
2.02E+11,1,지진정보,2.02E+11,2.02E+13,34.66,126.4,2.3,전남 해남군 서북서쪽 21km 지역,2020-05-02 3:00,21
2.02E+11,1,지진정보,2.02E+11,2.02E+13,34.66,126.4,2.4,전남 해남군 서북서쪽 21km 지역,2020-04-30 7:18,21
2.02E+11,1,지진정보,2.02E+11,2.02E+13,39.39,126.13,2.4,북한 평안남도 성천 북북서쪽 18km 지역,2020-04-29 16:03,
2.02E+11,1,지진정보,2.02E+11,2.02E+13,34.66,126.41,2.1,전남 목포시 남쪽 17km 해역,2020-04-28 12:56,22
2.02E+11,1,지진정보,2.02E+11,2.02E+13,36.16,127.43,2.4,충남 금산군 북서쪽 8km 지역,2020-04-28 12:11,10
2.02E+11,1,지진정보,2.02E+11,2.02E+13,35.8,127.53,2.8,전북 장수군 북쪽 17km 지역,2020-04-27 11:12,6
2.02E+11,1,지진정보,2.02E+11,2.02E+13,35.3,125.54,2.3,전남 신안군 흑산도 북쪽 73km 해역,2020-04-24 2:11,15
2.02E+11,3,국외지진,2.02E+11,2.02E+13,36.2,137.7,5.5,일본 나가노현(혼슈) 나가노 남서쪽 67km 지역,2020-04-23 13:54,
2.02E+11,1,지진정보,2.02E+11,2.02E+13,38.11,130.01,2.1,강원 동해시 북동쪽 102km 해역,2020-04-22 20:58,9
2.02E+11,3,국외지진,2.02E+11,2.02E+13,38.9,142.1,6.1,일본 이와테현(혼슈) 모리오카 남동쪽 121km 해역,2020-04-20 5:46,50
2.02E+11,3,국외지진,2.02E+11,2.02E+13,27.3,140.6,6,일본 시즈오카현(혼슈) 시즈오카 남남동쪽 879km 해역,2020-04-18 18:33,490
2.02E+11,3,국외지진,2.02E+11,2.02E+13,27.2,140.7,6.9,일본 시즈오카현(혼슈) 시즈오카 남남동쪽 892km 해역,2020-04-18 17:37,490
2.02E+11,1,지진정보,2.02E+11,2.02E+13,37.58,126.14,2.3,인천 강화군 서남서쪽 36km 해역,2020-04-18 7:41,14
2.02E+11,3,국외지진,2.02E+11,2.02E+13,36.2,140,5.1,일본 도치기현(혼슈) 우쓰노미야 남남동쪽 41km 지역,2020-04-12 0:53,50
2.02E+11,1,지진정보,2.02E+11,2.02E+13,38.75,125.72,2.2,북한 황해북도 송림 동북동쪽 8km 지역,2020-04-03 20:09,
2.02E+11,3,국외지진,2.02E+11,2.02E+13,23.9,123.4,5.5,일본 오키나와현 이리 오모테 섬 부근 해역,2020-03-31 1:04,30
2.02E+11,3,국외지진,2.02E+11,2.02E+13,22.9,143.1,5.8,일본 시즈오카현(혼슈) 시즈오카 남남동쪽 1418km 해역,2020-03-26 15:04,180
2.02E+11,3,국외지진,2.02E+11,2.02E+13,49,157.7,7.8,러시아 세베로쿠릴스크 남남동쪽 218km 해역,2020-03-25 12:09,59
2.02E+11,1,지진정보,2.02E+11,2.02E+13,35.39,128.01,2.7,경남 산청군 동남동쪽 13km 지역,2020-03-20 16:06,9
2.02E+11,3,국외지진,2.02E+11,2.02E+13,37.3,136.8,5.4,일본 도야마현(혼슈) 도야마 북북서쪽 77km 지역,2020-03-13 2:26,10
2.02E+11,1,지진정보,2.02E+11,2.02E+13,35.44,125.54,2,전북 군산시 어청도 남남서쪽 85km 해역,2020-03-10 1:21,12
2.02E+11,1,지진정보,2.02E+11,2.02E+13,38.45,126.17,2.4,북한 황해북도 평산 북서쪽 24km 지역,2020-02-29 22:35,8
2.02E+11,1,지진정보,2.02E+11,2.02E+13,38.46,126.17,2.7,북한 황해북도 평산 북서쪽 24km 지역,2020-02-29 22:12,8
2.02E+11,3,국외지진,2.02E+11,2.02E+12,24.39,121.42,5,대만 화롄 북북서쪽 51km 지역,2020-02-25 20:55,10
2.02E+11,3,국외지진,2.02E+11,2.02E+13,38.47,44.37,6,이란 코이 서쪽 51km 지역,2020-02-24 1:43,10
2.02E+11,1,지진정보,2.02E+11,2.02E+13,36.26,130.49,2.7,경북 영덕군 동쪽 102km 해역,2020-02-16 20:08,19
2.02E+11,3,국외지진,2.02E+11,2.02E+13,23.84,121.52,5.5,대만 화롄 남남서쪽 13km 지역,2020-02-15 20:48,11
2.02E+11,3,국외지진,2.02E+11,2.02E+13,23.85,121.53,5.1,대만 화롄 남쪽 11km 지역,2020-02-15 20:28,8
2.02E+11,3,국외지진,2.02E+11,2.02E+13,23.84,121.52,5.5,대만 화롄 남남서쪽 13km 지역,2020-02-15 20:18,11
2.02E+11,3,국외지진,2.02E+11,2.02E+13,44.7,148.9,7,일본 홋카이도 구시로 동북동쪽 409km 해역 ,2020-02-13 19:46,160
2.02E+11,3,국외지진,2.02E+11,2.02E+13,37.3,141.4,5.5,일본 후쿠시마현(혼슈) 후쿠시마 동남동쪽 96km 해역,2020-02-12 19:48,80
2.02E+11,1,지진정보,2.02E+11,2.02E+13,35.77,129.03,2.4,경북 경주시 서남서쪽 18km 지역,2020-02-09 14:46,9
2.02E+11,3,국외지진,2.02E+11,2.02E+13,36.4,141.6,5.6,일본 이바라키현(혼슈) 미토 동쪽 101km 해역,2020-02-06 20:31,40
2.02E+11,3,국외지진,2.02E+11,2.02E+13,36,140.1,5.3,일본 지바현(혼슈) 지바 북쪽 44km 지역,2020-02-01 2:15,70
2.02E+11,3,국외지진,2.02E+11,2.02E+13,35.7,140.7,5.1,일본 지바현(혼슈) 지바 동쪽 55km 지역,2020-02-01 1:19,50
2.02E+11,1,지진정보,2.02E+11,2.02E+13,36.59,128.12,3.2,경북 상주시 북쪽 20km 지역,2020-01-30 0:57,21
2.02E+11,1,지진정보,2.02E+11,2.02E+13,41.29,129.11,2.5,북한 함경북도 길주 북북서쪽 41km 지역,2020-01-29 10:48,
2.02E+11,3,국외지진,2.02E+11,2.02E+13,19.44,-78.76,7.7,자메이카 루세아 북북서쪽 125km 해역 ,2020-01-29 4:43,10
2.02E+11,3,국외지진,2.02E+11,2.02E+13,38.33,39.08,6.7,터키 말라티아 동쪽 65km 지역,2020-01-25 3:25,10
2.02E+11,3,국외지진,2.02E+11,2.02E+13,39.83,77.21,6.4,중국 신장 카슈가르 지구 동북동쪽 113km 지역,2020-01-19 22:55,16
2.02E+11,3,국외지진,2.02E+11,2.02E+13,-2.85,139.33,6,인도네시아 아베푸라 서쪽 141km 지역,2020-01-19 2:03,34
2.02E+11,1,지진정보,2.02E+11,2.02E+13,37.11,128.29,2.1,충북 제천시 동남동쪽 9km 지역,2020-01-16 11:48,8
2.02E+11,3,국외지진,2.02E+13,2.02E+13,1.5,126.4,7.4,인도네시아 코타 테르나테 북서쪽 133km 해역,2019-11-15 1:34,62
2.02E+11,1,지진정보,2.02E+13,2.02E+13,37.62,124.65,2.4,인천 옹진군 백령도 남쪽 37km 해역,2019-11-09 23:19,9
2.02E+11,3,국외지진,2.02E+13,2.02E+13,-31.82,-71.37,6,칠레 이야펠 남서쪽 28km 지역,2019-11-05 7:21,49
2.02E+11,1,지진정보,2.02E+13,2.02E+13,37.24,126.11,2.1,인천 옹진군 서남서쪽 52km 지역,2019-10-31 16:33,
2.02E+11,3,국외지진,2.02E+13,2.02E+13,7.1,125.3,6.8,필리핀 민다나오 키산테 북동쪽 25km 지역,2019-10-31 10:27,22
2.02E+11,1,지진정보,2.02E+13,2.02E+13,36.68,128.61,2.3,경북 안동시 북서쪽 16km 지역,2019-10-30 2:05,5
2.02E+11,3,국외지진,2.02E+13,2.02E+13,6.92,125.25,6.8,필리핀 민다나오 키산테 동쪽 10km 지역,2019-10-29 10:26,50
2.02E+11,1,지진정보,2.02E+13,2.02E+13,35.41,128.49,3.4,경남 창녕군 남쪽 15km 지역,2019-10-27 15:41,11
2.02E+11,1,지진정보,2.02E+13,2.02E+13,33.41,125.13,2.2,제주 제주시 서쪽 130km 해역,2019-10-20 0:09,10
2.02E+11,3,국외지진,2.02E+13,2.02E+13,6.71,125.01,6.4,필리핀 콜럼비오 동북동쪽 7km 지역,2019-10-16 21:06,14
2.02E+11,1,지진정보,2.02E+13,2.02E+13,38.78,125.72,2.4,북한 황해북도 송림 동북동쪽 9km 지역,2019-10-15 22:48,
2.02E+11,1,지진정보,2.02E+13,2.02E+13,36.53,129.65,2,경북 영덕군 동북동쪽 28km 해역,2019-10-13 19:56,20
2.02E+11,1,지진정보,2.02E+13,2.02E+13,35.18,129.77,2.5,울산 동구 남동쪽 48km 해역,2019-10-12 20:51,17
2.02E+11,3,국외지진,2.02E+13,2.02E+13,34.7,140.7,5.7,일본 지바현(혼슈) 지바 남남동쪽 114km 해역,2019-10-12 18:28,80
2.02E+11,1,지진정보,2.02E+13,2.02E+13,35.47,128.86,2.6,경남 밀양시 동남동쪽 11km 지역,2019-10-04 4:02,9
2.02E+11,1,지진정보,2.02E+13,2.02E+13,38.79,125.78,2.3,북한 황해북도 송림 동북동쪽 14km 지역,2019-10-02 22:47,11
2.02E+11,3,국외지진,2.02E+13,2.02E+13,-35.48,-73.15,7.2,칠레 콘스티투시온 서남서쪽 67km,2019-09-30 1:25,10
2.02E+11,3,국외지진,2.02E+13,2.02E+13,-40.8,-72.15,6.1,칠레 푸에르토 몬트 북동쪽 100km 지역,2019-09-27 2:21,130
2.02E+11,1,지진정보,2.02E+13,2.02E+13,36.09,129.33,2.3,경북 포항시 북구 북북서쪽 6km 지역,2019-09-26 3:03,8
2.02E+11,1,지진정보,2.02E+13,2.02E+13,34.16,125.16,3.3,전남 신안군 흑산도 남남서쪽 62km 해역,2019-09-22 11:11,17
2.02E+11,1,지진정보,2.02E+13,2.02E+13,38.67,127.17,3.5,북한 강원 평강 북북서쪽 31km 지역,2019-09-21 15:18,17
2.02E+11,1,지진정보,2.02E+13,2.02E+13,33.61,125.01,2.6,전남 신안군 흑산도 남남서쪽 123km 해역,2019-09-19 18:24,
2.02E+11,1,지진정보,2.02E+13,2.02E+13,38.13,127.09,2,경기 연천군 북북동쪽 4km 지역,2019-09-11 4:57,9
2.02E+11,1,지진정보,2.02E+13,2.02E+13,35.48,129.54,2,울산 동구 동남동쪽 12km 해역,2019-09-07 23:41,14
2.02E+11,1,지진정보,2.02E+13,2.02E+13,39.51,126.1,2.3,북한 평안남도 개천 남동쪽 27km 지역,2019-09-01 13:24,16
2.02E+11,3,국외지진,2.02E+13,2.02E+13,41,143.1,6.1,일본 아오모리현(혼슈) 아오모리 동쪽 199km 해역,2019-08-29 8:57,10
2.02E+11,1,지진정보,2.02E+13,2.02E+13,36.24,130.01,2.5,경북 영덕군 동남동쪽 61km 해역,2019-08-28 14:26,26
2.02E+11,3,국외지진,2.02E+13,2.02E+13,37.4,142.5,5.5,일본 미야기현(혼슈) 센다이 남동쪽 173km 해역,2019-08-24 14:02,
2.02E+11,1,지진정보,2.02E+13,2.02E+13,37.96,124.69,2.7,인천 옹진군 백령도 북동쪽 1km 지역,2019-08-23 19:56,7
2.02E+11,1,지진정보,2.02E+13,2.02E+13,33.57,124.81,2.8,전남 신안군 흑산도 남남서쪽 135km 해역,2019-08-20 10:39,22
2.02E+11,3,국외지진,2.02E+13,2.02E+13,40.8,141.4,5.4,일본 아오모리현(혼슈) 아오모리 동쪽 55km 지역,2019-08-15 14:40,90
2.02E+11,1,지진정보,2.02E+13,2.02E+13,37.97,124.63,2.1,인천 옹진군 백령도 서북서쪽 5km 지역,2019-08-11 18:25,10
2.02E+11,1,지진정보,2.02E+13,2.02E+13,33.78,126.92,2.3,전남 여수시 거문도 남서쪽 45km 해역,2019-08-10 22:50,18
2.02E+11,1,지진정보,2.02E+13,2.02E+13,39.32,124.65,2.2,북한 평안북도 철산 남쪽 50km 해역,2019-08-09 20:07,
2.02E+11,3,국외지진,2.02E+13,2.02E+13,24.43,121.91,6,대만 화롄 북동쪽 65km 해역,2019-08-08 6:41,23
2.02E+11,3,국외지진,2.02E+13,2.02E+13,37.7,141.7,6.2,일본 미야기현(혼슈) 센다이 남동쪽 96km 해역,2019-08-04 19:30,50
2.02E+11,1,지진정보,2.02E+13,2.02E+13,35,128.3,2.1,경남 고성군 북서쪽 4km 지역,2019-07-30 5:49,6
2.02E+11,3,국외지진,2.02E+13,2.02E+13,32.9,140.8,6,일본 가나가와현(혼슈) 요코하마 남남동쪽 302km 해역,2019-07-30 5:45,60
2.02E+11,3,국외지진,2.02E+13,2.02E+13,33,137.4,6.5,일본 미에현(혼슈) 남동쪽 208km 해역,2019-07-28 3:45,420
2.02E+11,1,지진정보,2.02E+13,2.02E+13,37.37,129.85,2.7,경북 울진군 북동쪽 58km 해역,2019-07-25 1:51,
2.02E+11,1,지진정보,2.02E+13,2.02E+13,35.82,125.56,2,전북 군산시 어청도 남서쪽 50km 해역,2019-07-22 1:19,13
2.02E+11,1,지진정보,2.02E+13,2.02E+13,36.5,128.1,3.9,경북 상주시 북북서쪽 11km 지역,2019-07-21 11:09,14
2.02E+11,5,지진속보,2.02E+13,2.02E+13,36.5,128.11,3.9,경북 상주시 북북서쪽 11km 지역,2019-07-21 11:06,8
2.02E+11,1,지진정보,2.02E+13,2.02E+13,36.33,128.08,2,경북 상주시 남서쪽 11km 지역,2019-07-20 0:43,15
2.02E+11,3,국외지진,2.02E+13,2.02E+13,-5.99,149.55,6.2,파푸아뉴기니 칸드리안 북쪽 25km 지역,2019-07-15 17:46,59
2.02E+11,3,국외지진,2.02E+13,2.02E+13,-0.53,128.09,7.3,인도네시아 할마헤라 남남동쪽 200km 지역,2019-07-14 18:45,10
2.02E+11,3,국외지진,2.02E+13,2.02E+13,29.3,128.1,5.9,일본 오키나와현 오키나와 북쪽 346km 해역,2019-07-13 10:05,250
2.02E+11,1,지진정보,2.02E+13,2.02E+13,38.7,125.73,2.1,북한 황해북도 송림 동남동쪽 9km 지역,2019-07-10 2:22,6
2.02E+11,1,지진정보,2.02E+13,2.02E+13,37.91,129.57,2.3,강원 동해시 북동쪽 59km 해역,2019-07-08 14:14,
2.02E+11,1,지진정보,2.02E+13,2.02E+13,35.88,129.69,2.7,경북 포항시 남구 동남동쪽 33km 해역,2019-07-02 20:56,21
2.02E+11,3,국외지진,2.02E+13,2.02E+13,22.29,122.42,5.7,대만 화롄 남남동쪽 205km 해역,2019-06-30 4:58,45
2.02E+11,1,지진정보,2.02E+13,2.02E+13,38.77,125.71,2.3,북한 황해북도 송림 동북동쪽 8km 지역,2019-06-27 16:00,
2.02E+11,1,지진정보,2.02E+13,2.02E+13,38.8,125.71,2.5,북한 황해북도 송림 북동쪽 10km 지역,2019-06-27 15:49,
2.02E+11,1,지진정보,2.02E+13,2.02E+13,38.8,125.69,3.9,북한 황해북도 송림 북동쪽 9km 지역,2019-06-27 15:30,
2.02E+11,3,국외지진,2.02E+13,2.02E+13,8.43,-82.79,6.3,파나마 파나마시티 서쪽 370km 지역,2019-06-26 14:49,10
2.02E+11,3,국외지진,2.02E+13,2.02E+13,-6.39,129.22,7.3,인도네시아 말루쿠주 암본 남남동쪽 319km 해역,2019-06-24 12:12,208
2.02E+11,3,국외지진,2.02E+13,2.02E+13,-2.86,138.49,6.1,인도네시아 아베푸라 서쪽 233km 지역,2019-06-24 10:37,22
2.02E+11,3,국외지진,2.02E+13,2.02E+13,34.9,140,5.5,일본 가나가와현(혼슈) 요코하마 남남동쪽 69km 해역,2019-06-24 9:18,60
2.02E+11,1,지진정보,2.02E+13,2.02E+13,36.69,128.41,2.4,경북 예천군 북서쪽 5km 지역,2019-06-23 18:47,16
2.02E+11,1,지진정보,2.02E+13,2.02E+13,38.75,125.73,2.4,북한 황해북도 송림 동쪽 8km 지역,2019-06-23 13:39,6
2.02E+11,1,지진정보,2.02E+13,2.02E+13,38.81,125.7,3.4,북한 황해북도 송림 북동쪽 10km 지역,2019-06-23 5:46,
2.02E+11,1,지진정보,2.02E+13,2.02E+13,38.81,125.7,3.4,북한 황해북도 송림 북동쪽 10km 지역,2019-06-22 5:58,
2.02E+11,1,지진정보,2.02E+13,2.02E+13,38.81,125.71,2.7,북한 황해북도 송림 북동쪽 10km 지역,2019-06-22 5:52,
2.02E+11,1,지진정보,2.02E+13,2.02E+13,38.81,125.68,2.5,북한 황해북도 송림 북북동쪽 9km 지역,2019-06-21 13:46,7
2.02E+11,3,국외지진,2.02E+13,2.02E+13,-2.25,138.4,6.3,인도네시아 아베푸라 서쪽 245km 지역,2019-06-20 2:47,12
2.02E+11,3,국외지진,2.02E+13,2.02E+13,38.6,139.5,6.8,일본 아마가타현(혼슈) 야마가타 서북서쪽 83km 해역,2019-06-18 22:34,10
2.02E+11,3,국외지진,2.02E+13,2.02E+13,28.34,104.9,6,중국 충칭 남서쪽 210km 지역,2019-06-18 0:27,16
2.02E+11,3,국외지진,2.02E+13,2.02E+13,36.5,140.6,5.2,일본 이바라키현(혼슈) 미토 북동쪽 19km 지역,2019-06-17 8:14,80
2.02E+11,1,지진정보,2.02E+13,2.02E+13,35.71,126.36,2.2,전북 부안군 서쪽 34km 해역,2019-06-15 22:11,21
2.02E+11,1,지진정보,2.02E+13,2.02E+13,35.76,129.19,2.5,경북 경주시 남남서쪽 9km 지역,2019-06-11 23:24,19
2.02E+11,3,국외지진,2.02E+13,2.02E+13,22.85,121.59,5.6,대만 화롄 남쪽 122km 해역,2019-06-04 18:58,14
2.02E+11,3,국외지진,2.02E+13,2.02E+13,29.1,139.8,6.1,일본 시즈오카현(혼슈) 시즈오카 남쪽 667km 해역,2019-06-04 13:50,440
2.02E+11,3,국외지진,2.02E+13,2.02E+13,23.5,143.1,5.7,일본 시즈오카현(혼슈) 시즈오카 남남동쪽 1355km 해역,2019-06-02 5:26,120
2.02E+11,3,국외지진,2.02E+13,2.02E+13,-5.81,-75.24,8,페루 라구나스 남동쪽 80km 지역,2019-05-26 17:04,115
2.02E+11,3,국외지진,2.02E+13,2.02E+13,35.3,140.3,5.1,일본 지바현(혼슈) 지바 남남동쪽 38km 지역,2019-05-25 15:30,40
2.02E+11,3,국외지진,2.02E+13,2.02E+13,-4.58,153.01,6,파푸아뉴기니 타론 남남서쪽 12km 지역,2019-05-18 8:16,27
2.02E+11,1,지진정보,2.02E+13,2.02E+13,38.37,126.3,2.4,북한 황해북도 평산 서북서쪽 9km 지역,2019-05-17 11:28,6
2.02E+11,1,지진정보,2.02E+13,2.02E+13,39.15,126.47,3.3,북한 평안남도 양덕 서남서쪽 16km 지역,2019-05-16 0:51,5
2.02E+11,3,국외지진,2.02E+13,2.02E+13,29.7,130.7,5.5,일본 가고시마현(규슈) 가고시마 남쪽 211km 해역,2019-05-15 14:35,30
2.02E+11,3,국외지진,2.02E+13,2.02E+13,-4.21,152.48,7.7,파푸아뉴기니 코코포 동북동쪽 28km 해역,2019-05-14 22:16,10
2.02E+11,1,지진정보,2.02E+13,2.02E+13,33.35,127.17,2.4,제주 서귀포시 동쪽 58km 해역,2019-05-13 23:55,17
2.02E+11,1,지진정보,2.02E+13,2.02E+13,36.56,129.64,2,경북 영덕군 동북동쪽 29km 해역,2019-05-10 16:10,12
2.02E+11,3,국외지진,2.02E+13,2.02E+13,31.8,132.1,6.3,일본 미야자키현(규슈) 미야자키 동쪽 65km 해역,2019-05-10 8:56,20
2.02E+11,3,국외지진,2.02E+13,2.02E+13,31.8,132,5.6,일본 미야자키현(규슈) 미야자키 동남동쪽 56km 해역,2019-05-10 7:51,20
2.02E+11,3,국외지진,2.02E+13,2.02E+13,-6.98,146.4,7.1,파푸아뉴기니 불롤로 북서쪽 37km 지역,2019-05-07 6:35,137
2.02E+11,1,지진정보,2.02E+13,2.02E+13,36.55,129.54,2.1,경북 영덕군 북동쪽 22km 해역,2019-05-05 17:00,18
2.02E+11,1,지진정보,2.02E+13,2.02E+13,37.42,124.56,2.4,인천 옹진군 백령도 남쪽 60km 해역,2019-05-04 5:48,6
2.02E+11,3,국외지진,2.02E+13,2.02E+13,42.5,142.9,5.6,일본 홋카이도 구시로 서남서쪽 132km 지역,2019-04-28 2:33,110
2.02E+11,1,지진정보,2.02E+13,2.02E+13,33.79,126.09,2.5,제주 제주시 북서쪽 52km 해역,2019-04-27 1:14,17
2.02E+11,3,국외지진,2.02E+13,2.02E+13,28.46,94.56,6.1,인도 아루나찰프라데시 알롱 북북서 38km 지역,2019-04-24 5:54,9
2.02E+11,3,국외지진,2.02E+13,2.02E+13,11.9,125.2,6.6,필리핀 사마르섬 타크로반 북북동쪽 75km 지역,2019-04-23 15:00,86
2.02E+11,3,국외지진,2.02E+13,2.02E+13,14.94,120.49,6.3,필리핀 마닐라 북서쪽 65km 지역,2019-04-22 18:34,40
2.02E+11,1,지진정보,2.02E+13,2.02E+13,36.86,129.8,3.8,경북 울진군 동남동쪽 38km 해역,2019-04-22 5:50,21
2.02E+11,5,지진속보,2.02E+13,2.02E+13,36.86,129.86,4,경북 울진군 동남동쪽 43km 해역,2019-04-22 5:47,8
2.02E+11,1,지진정보,2.02E+13,2.02E+13,37.88,129.54,4.3,강원 동해시 북동쪽 54km 해역,2019-04-19 11:22,32
2.02E+11,5,지진속보,2.02E+13,2.02E+13,37.88,129.56,4.2,강원 동해시 북동쪽 56km 해역,2019-04-19 11:18,8
2.02E+11,3,국외지진,2.02E+13,2.02E+13,24.06,121.54,6.1,대만 화롄 북쪽 12km 지역,2019-04-18 14:11,19
2.02E+11,3,국외지진,2.02E+13,2.02E+13,26,141.5,5.6,일본 시즈오카현(혼슈) 시즈오카 남남동쪽 1042km 해역,2019-04-12 16:43,550
2.02E+11,3,국외지진,2.02E+13,2.02E+13,40.4,143.4,6,일본 이와테현(혼슈) 모리오카 동북동쪽 206km 해역,2019-04-11 17:25,10
2.02E+11,3,국외지진,2.02E+13,2.02E+13,26.4,129.6,5.5,일본 오키나와현 오키나와 동쪽 193km 해역,2019-04-08 13:21,10
2.02E+11,3,국외지진,2.02E+13,2.02E+13,30.5,139.5,5.9,일본 시즈오카현(혼슈) 시즈오카 남남동쪽 508km 해역,2019-04-05 19:10,420
2.02E+11,3,국외지진,2.02E+13,2.02E+13,22.97,120.88,5.2,대만 타이둥 북서쪽 37km 지역,2019-04-04 11:15,10
2.02E+11,3,국외지진,2.02E+13,2.02E+13,22.95,120.85,5.6,대만 타이둥 서북서쪽 38km 지역,2019-04-03 11:05,10
2.02E+11,3,국외지진,2.02E+13,2.02E+13,-5.67,151.09,6.1,파푸아뉴기니 킴베 동쪽 105km 지역,2019-03-30 20:49,57
2.02E+11,1,지진정보,2.02E+13,2.02E+13,33.62,126.94,2.2,제주 제주시 동북동쪽 40km 해역,2019-03-28 16:26,16
2.02E+11,3,국외지진,2.02E+13,2.02E+13,4.56,-76.28,6.1,콜롬비아 보고타 서쪽 246km 지역,2019-03-24 5:09,113
2.02E+11,1,지진정보,2.02E+13,2.02E+13,37.56,125.2,2.7,북한 황해남도 옹진 남남서쪽 43km 해역,2019-03-21 7:24,6
2.02E+11,1,지진정보,2.02E+13,2.02E+13,41.31,129.08,2.8,북한 함경북도 길주 북북서쪽 45km 지역,2019-03-21 5:38,10
2.02E+11,1,지진정보,2.02E+13,2.02E+13,38.01,126,2.2,북한 황해남도 해주 동쪽 25km 지역,2019-03-19 5:43,11
2.02E+11,1,지진정보,2.02E+13,2.02E+13,36.34,127.87,2.3,충북 옥천군 동쪽 27km 지역,2019-03-17 19:33,13
2.02E+11,3,국외지진,2.02E+13,2.02E+13,-17.86,-65.89,6.3,볼리비아 클리자 남쪽 28km 지역,2019-03-15 15:20,358
2.02E+11,1,지진정보,2.02E+13,2.02E+13,33.63,126.93,2.4,제주 제주시 동북동쪽 40km 해역,2019-03-13 12:24,13
2.02E+11,3,국외지진,2.02E+13,2.02E+13,24.97,121.87,5.1,대만 타이베이 동남동쪽 33km 지역,2019-03-13 5:33,133
2.02E+11,1,지진정보,2.02E+13,2.02E+13,33.47,126.4,2.4,제주 제주시 서남서쪽 13km 지역,2019-03-11 4:31,15
2.02E+11,3,국외지진,2.02E+13,2.02E+13,36.8,142.5,5.9,일본 이바라키현(혼슈) 미토 동북동쪽 188km 해역,2019-03-11 2:19,10
2.02E+11,1,지진정보,2.02E+13,2.02E+13,36.82,128.73,2,경북 봉화군 남쪽 8km 지역,2019-03-09 15:11,12
2.02E+11,1,지진정보,2.02E+13,2.02E+13,39.63,127.12,2.5,북한 함경남도 금야 북서쪽 15km 지역,2019-03-03 15:09,
2.02E+11,3,국외지진,2.02E+13,2.02E+13,-14.68,-70.13,7,페루 아장가로 북북동쪽 27km 지역,2019-03-01 18:17,257
2.02E+11,1,지진정보,2.02E+13,2.02E+13,37.31,124.74,2.2,인천 옹진군 백령도 남쪽 72km 해역,2019-02-27 21:25,12
2.02E+11,1,지진정보,2.02E+13,2.02E+13,36.77,129.03,2.9,경북 영양군 북북서쪽 14km 지역,2019-02-25 9:34,10
2.02E+11,3,국외지진,2.02E+13,2.02E+13,-2.3,-76.9,7.7,에콰도르 팔로라 동남동쪽 132km 지역,2019-02-22 19:35,152
2.02E+11,3,국외지진,2.02E+13,2.02E+13,42.8,142,5.7,일본 홋카이도 삿포로 동남동쪽 60km 지역,2019-02-21 21:30,30
2.02E+11,1,지진정보,2.02E+13,2.02E+13,36.51,125.5,2.9,충남 태안군 서격렬비도 남남서쪽 12km 해역,2019-02-20 22:19,14
2.02E+11,1,지진정보,2.02E+13,2.02E+13,36.72,128.41,2.4,경북 예천군 북북서쪽 8km 지역,2019-02-18 5:37,19
2.02E+11,3,국외지진,2.02E+13,2.02E+13,-3.39,152.11,6.4,파푸아뉴기니 나마타나이 북서쪽 47km 지역,2019-02-18 0:00,368
2.02E+11,1,지진정보,2.02E+13,2.02E+13,33.29,126.25,2.6,제주 서귀포시 서쪽 29km 지역,2019-02-17 22:24,12
2.02E+11,1,지진정보,2.02E+13,2.02E+13,38.9,125.86,2.7,북한 평양 남동쪽 17km 지역,2019-02-13 5:50,21
2.02E+11,1,지진정보,2.02E+13,2.02E+13,36.16,129.85,2.5,경북 포항시 북구 동북동쪽 45km 해역,2019-02-10 14:16,21
2.02E+11,1,지진정보,2.02E+13,2.02E+13,36.16,129.9,4.1,경북 포항시 북구 동북동쪽 50km 해역,2019-02-10 12:58,21
2.02E+11,5,지진속보,2.02E+13,2.02E+13,36.16,130,4,경북 포항시 북구 동북동쪽 58km 해역,2019-02-10 12:55,8
2.02E+11,3,국외지진,2.02E+13,2.02E+13,14.76,-92.3,6.6,멕시코 치아파스 타파출라 남쪽 16km 지역,2019-02-02 1:41,68
2.02E+11,1,지진정보,2.02E+13,2.02E+13,36.53,129.66,2.2,경북 영덕군 동북동쪽 29km 해역,2019-01-31 20:01,19
2.02E+11,3,국외지진,2.02E+13,2.02E+13,23.73,122.4,5.7,대만 화롄 동남동쪽 90km 해역,2019-01-30 14:30,38
2.02E+11,3,국외지진,2.02E+13,2.02E+13,40.3,142.4,5.7,일본 이와테현(혼슈) 모리오카 동북동쪽 125km 해역,2019-01-26 17:31,30
2.02E+11,3,국외지진,2.02E+13,2.02E+13,35.9,140.5,5.3,일본 지바현(혼슈) 지바 북동쪽 48km 지역,2019-01-18 21:55,50
2.02E+11,1,지진정보,2.02E+13,2.02E+13,33.94,127.62,2.7,전남 여수시 거문도 동남동쪽 30km 해역,2019-01-17 21:38,17
2.02E+11,1,지진정보,2.02E+13,2.02E+13,37.02,127.93,2,충북 충주시 북쪽 3km 지역,2019-01-13 21:13,17
2.02E+11,1,지진정보,2.02E+13,2.02E+13,35.79,129.2,2.5,경북 경주시 남남서쪽 5km 지역,2019-01-10 5:35,17
2.02E+11,1,지진정보,2.02E+13,2.02E+13,37.37,124.23,3.7,인천 옹진군 백령도 남남서쪽 76km 해역,2019-01-09 3:15,18
2.02E+11,3,국외지진,2.02E+13,2.02E+13,30.6,131.3,5.9,일본 가고시마현(규슈) 가고시마 남남동쪽 131km 해역,2019-01-08 21:50,30
2.02E+11,3,국외지진,2.02E+13,2.02E+13,2.2,126.7,7,인도네시아 토벨로 서북서쪽 154km 해역,2019-01-07 2:41,10
2.02E+11,3,국외지진,2.02E+13,2.02E+13,26.5,144.9,5.6,일본 지바현(혼슈) 지바 남남동쪽 1110km 해역,2019-01-06 8:15,10
2.02E+11,3,국외지진,2.02E+13,2.02E+13,-8.14,-71.57,6.8,브라질 타라우아카 서쪽 89km 지역,2019-01-06 4:55,575
2.02E+11,3,국외지진,2.02E+13,2.02E+13,33,130.6,5,일본 구마모토현(규슈) 구마모토 북북서쪽 24km 지역,2019-01-03 18:20,10
2.02E+11,1,지진정보,2.02E+13,2.02E+13,36.77,128.31,2.2,경북 문경시 북북동쪽 23km 지역,2019-01-02 13:18,5
2.02E+11,1,지진정보,2.02E+13,2.02E+13,41.3,129.21,2.8,북한 함경북도 길주 북북서쪽 40km 지역,2019-01-02 8:52,12
2.02E+11,1,지진정보,2.02E+13,2.02E+13,36.53,129.66,3.1,경북 영덕군 동북동쪽 29km 해역,2019-01-01 6:54,19
2.02E+11,3,국외지진,2.02E+13,2.02E+13,42.3,143.1,5.4,일본 홋카이도 구시로 남서쪽 129km 지역,2018-12-30 4:16,50
2.02E+11,3,국외지진,2.02E+13,2.02E+13,5.8,126.9,7.2,필리핀 민다나오섬 디고스시티 남동쪽 203km 해역,2018-12-29 13:03,49
2.02E+11,3,국외지진,2.02E+13,2.02E+13,-13.44,166.69,6,바누아투 솔라 서북서쪽 105km 지역,2018-12-22 23:51,48
2.02E+11,1,지진정보,2.02E+13,2.02E+13,35.76,127.95,2.7,경남 거창군 북북동쪽 9km 지역,2018-12-21 16:11,12
2.02E+11,3,국외지진,2.02E+13,2.02E+13,55.11,164.71,7.4,러시아 클류치 남동쪽 278km 해역,2018-12-21 2:28,10
2.02E+11,1,지진정보,2.02E+13,2.02E+13,35.88,129.69,2,경북 포항시 남구 동남동쪽 33km 해역,2018-12-20 13:27,21
2.02E+11,1,지진정보,2.02E+13,2.02E+13,36.53,129.65,2.2,경북 영덕군 동북동쪽 28km 해역,2018-12-17 2:20,20
2.02E+11,3,국외지진,2.02E+13,2.02E+13,-3.9,140.28,6.1,인도네시아 아베푸라 남남서쪽 144km 지역,2018-12-16 19:09,61
2.02E+11,3,국외지진,2.02E+13,2.02E+13,23.74,121.9,5.6,대만 화롄 동남동쪽 43km 해역,2018-12-16 6:32,30
2.02E+11,3,국외지진,2.02E+13,2.02E+13,26.7,141.2,5.9,일본 시즈오카현(혼슈) 시즈오카 남남동쪽 959km 해역,2018-12-15 1:17,480
2.02E+11,1,지진정보,2.02E+13,2.02E+13,35.72,126.78,2.3,전북 부안군 동남동쪽 4km 지역,2018-12-12 3:47,
2.02E+11,3,국외지진,2.02E+13,2.02E+13,-58.6,-26.47,7.1,남 샌드위치 아일랜드 브리스톨섬 북쪽 48km 해역,2018-12-11 11:53,165
2.02E+11,1,지진정보,2.02E+13,2.02E+13,35.86,129.69,2.2,경북 포항시 남구 동남동쪽 34km 해역,2018-12-09 14:10,19
2.02E+11,1,지진정보,2.02E+13,2.02E+13,36.31,128.25,2.4,경북 구미시 북북서쪽 23km 지역,2018-12-08 4:21,17
2.02E+11,3,국외지진,2.02E+13,2.02E+13,-21.97,169.45,7.5,뉴칼레도니아 누메아 동쪽 311km 해역,2018-12-05 13:46,10
2.02E+11,1,지진정보,2.02E+13,2.02E+13,36.45,129.62,2.5,경북 영덕군 동쪽 23km 해역,2018-12-05 8:32,17
2.02E+11,1,지진정보,2.02E+13,2.02E+13,36.45,129.62,2.1,경북 영덕군 동쪽 23km 해역,2018-12-05 8:05,17
2.02E+11,1,지진정보,2.02E+13,2.02E+13,37.85,124.87,3.1,북한 황해남도 옹진군 남서쪽 44km 해역,2018-11-05 12:24,15
2.02E+11,1,지진정보,2.02E+13,2.02E+13,37.8,124.9,3.2,북한 황해남도 옹진군 남서쪽 43km 해역,2018-11-05 12:18,
2.02E+11,3,국외지진,2.02E+13,2.02E+13,7.81,123.87,6,필리핀 민다나오섬 파가디안 동쪽 48km 지역,2018-11-04 17:40,598
2.02E+11,1,지진정보,2.02E+13,2.02E+13,36.08,128.25,2.5,경북 김천시 동남동쪽 14km 지역,2018-11-04 17:09,15
2.02E+11,3,국외지진,2.02E+13,2.02E+13,-19.66,-69.54,6.2,칠레 이키케 북동쪽 88km 지역,2018-11-02 7:46,98
2.02E+11,3,국외지진,2.02E+13,2.02E+13,-39.05,174.98,6.1,뉴질랜드 뉴플리머스 서쪽 77km 지역,2018-10-30 11:44,227
2.02E+11,3,국외지진,2.02E+13,2.02E+13,38.2,142,5.7,일본 미야기현(혼슈) 센다이 동쪽 99km 해역,2018-10-26 3:44,40
2.02E+11,1,지진정보,2.02E+13,2.02E+13,35.76,129.19,2.3,경북 경주시 남남서쪽 9km 지역,2018-10-25 5:59,16
2.02E+11,1,지진정보,2.02E+13,2.02E+13,38.04,125.37,2.2,북한 황해남도 옹진 북쪽 12km 지역,2018-10-24 15:28,7
2.02E+11,3,국외지진,2.02E+13,2.02E+13,24,122.66,5.7,대만 화롄 동쪽 113km 해역,2018-10-24 1:16,29
2.02E+11,3,국외지진,2.02E+13,2.02E+13,24,122.64,6,대만 화롄 동쪽 111km 해역,2018-10-23 13:50,31
2.02E+11,1,지진정보,2.02E+13,2.02E+13,35.61,124.94,2.1,전북 군산시 어청도 서남서쪽 109km 해역,2018-10-22 12:14,11
2.02E+11,1,지진정보,2.02E+13,2.02E+13,37.26,129.96,2.6,경북 울진군 동북동쪽 58km 해역,2018-10-20 1:27,
2.02E+11,1,지진정보,2.02E+13,2.02E+13,36.16,127.3,2,충남 논산시 동쪽 18km 지역,2018-10-17 3:19,14
2.02E+11,1,지진정보,2.02E+13,2.02E+13,37.49,124.58,2.4,인천 옹진군 백령도 남쪽 52km 해역,2018-10-14 14:51,
2.02E+11,1,지진정보,2.02E+13,2.02E+13,38.67,127.18,2.3,북한 강원 평강 북북서쪽 30km 지역,2018-10-12 17:05,13
2.02E+11,3,국외지진,2.02E+13,2.02E+13,35.7,140.7,5.3,일본 지바현(혼슈) 지바 동쪽 55km 지역,2018-10-12 13:24,50
2.02E+11,3,국외지진,2.02E+13,2.02E+13,-4.96,151.68,6.3,파푸아뉴기니 코코포 남서쪽 93km 지역,2018-10-11 7:23,124
2.02E+11,3,국외지진,2.02E+13,2.02E+13,-5.9,151.4,7.3,파푸아뉴기니 킴베 동남동쪽 145km 해역,2018-10-11 6:03,33
2.02E+11,3,국외지진,2.02E+13,2.02E+13,35,137.6,5.1,일본 아이치현(혼슈) 나고야 동남동쪽 66km 지역,2018-10-07 10:23,40
2.02E+11,3,국외지진,2.02E+13,2.02E+13,42.6,142,5.3,일본 홋카이도 삿포로 남동쪽 74km 지역,2018-10-05 9:07,30
2.02E+11,3,국외지진,2.02E+13,2.02E+13,42.6,142,5,일본 홋카이도 삿포로 남동쪽 74km 지역,2018-09-30 18:01,40
2.02E+11,3,국외지진,2.02E+13,2.02E+13,-0.18,119.84,7.5,인도네시아 팔루 북쪽 78km 지역,2018-09-28 19:30,10
2.02E+11,1,지진정보,2.02E+13,2.02E+13,38.74,125.7,2.4,북한 황해북도 송림 동쪽 6km 지역,2018-09-27 13:07,
2.02E+11,1,지진정보,2.02E+13,2.02E+13,33.46,125.8,2.5,제주 제주시 서쪽 68km 해역,2018-09-25 4:11,16
2.02E+11,1,지진정보,2.02E+13,2.02E+13,40.2,127.7,2.8,북한 함경남도 신흥 북동쪽 30km 지역,2018-09-24 18:10,
2.02E+11,3,국외지진,2.02E+13,2.02E+13,26.7,129.7,5.5,일본 오키나와현 오키나와 동북동쪽 208km 해역,2018-09-22 20:10,10
2.02E+11,1,지진정보,2.02E+13,2.02E+13,36.05,129.69,2.4,경북 포항시 북구 동쪽 29km 해역,2018-09-17 10:57,12
2.02E+11,3,국외지진,2.02E+13,2.02E+13,26.6,129.6,5.8,일본 오키나와현 오키나와 동북동쪽 196km 해역,2018-09-16 1:36,10
2.02E+11,1,지진정보,2.02E+13,2.02E+13,37.07,129.91,2.4,경북 울진군 동쪽 46km 해역,2018-09-15 21:50,
2.02E+11,3,국외지진,2.02E+13,2.02E+13,26.6,129.7,5.8,일본 오키나와현 오키나와 동북동쪽 206km 해역,2018-09-15 17:12,10
2.02E+11,3,국외지진,2.02E+13,2.02E+13,26.7,129.7,5.5,일본 오키나와현 오키나와 동북동쪽 208km 해역,2018-09-15 13:48,10
2.02E+11,1,지진정보,2.02E+13,2.02E+13,36.78,128.36,2.2,경북 문경시 북동쪽 26km 지역,2018-09-14 9:12,14
2.02E+11,3,국외지진,2.02E+13,2.02E+13,42.8,142,5,일본 홋카이도 삿포로 동남동쪽 60km 지역,2018-09-09 23:02,40
2.02E+11,3,국외지진,2.02E+13,2.02E+13,7.24,126.46,6.1,필리핀 마티 북동쪽 42km 지역,2018-09-08 16:44,10
2.02E+11,3,국외지진,2.02E+13,2.02E+13,-2.35,-78.9,6.2,에콰도르 알라우시 남남서쪽 17km 지역,2018-09-07 11:50,94
2.02E+11,3,국외지진,2.02E+13,2.02E+13,-18.4,179.5,8.1,피지 수바 동남동쪽 116km 해역,2018-09-07 1:09,669
2.02E+11,3,국외지진,2.02E+13,2.02E+13,42.7,142,5.4,일본 홋카이도 삿포로 남동쪽 66km 지역,2018-09-06 6:22,40
2.02E+11,3,국외지진,2.02E+13,2.02E+13,42.7,142,6.7,일본 홋카이도 삿포로 남동쪽 66km 지역,2018-09-06 3:17,40
2.02E+11,3,국외지진,2.02E+13,2.02E+13,36.5,141.4,5.6,일본 도쿄 북동쪽 178km 해역,2018-09-05 5:27,60
2.02E+11,3,국외지진,2.02E+13,2.02E+13,28.1,140.5,5.7,일본 시즈오카현(혼슈) 시즈오카 남남동쪽 790km 해역,2018-09-02 0:56,460
2.02E+11,3,국외지진,2.02E+13,2.02E+13,-22.2,170,7,뉴칼레도니아 헌터섬 서쪽 212km 해역,2018-08-29 13:10,10
2.02E+11,1,지진정보,2.02E+13,2.02E+13,37,129.32,2.5,경북 울진군 서쪽 7km 지역,2018-08-29 5:05,11
2.02E+11,3,국외지진,2.02E+13,2.02E+13,34.67,46.21,6.1,이란 케르만샤 북서쪽 87km 지역,2018-08-26 7:56,10
2.02E+11,1,지진정보,2.02E+13,2.02E+13,34.33,127.42,2.1,전남 고흥군 남남동쪽 34km 해역,2018-08-24 21:32,18
2.02E+11,3,국외지진,2.02E+13,2.02E+13,-11.04,-70.82,7.1,페루 리마 동쪽 690km 지역,2018-08-24 18:41,610
2.02E+11,1,지진정보,2.02E+13,2.02E+13,37.92,125.68,2.6,북한 황해남도 해주 남남서쪽 14km 지역,2018-08-24 3:05,12
2.02E+11,3,국외지진,2.02E+13,2.02E+13,10.74,-62.91,7.3,베네수엘라 카루파노 동북동쪽 38km 해역,2018-08-22 7:03,123
2.02E+11,3,국외지진,2.02E+13,2.02E+13,-8.35,116.63,6.9,인도네시아 롬복 북동쪽 48km 지역,2018-08-20 0:23,20
2.02E+11,3,국외지진,2.02E+13,2.02E+13,-8.33,116.58,6.3,인도네시아 롬복 북북서쪽 22km 지역,2018-08-19 13:38,8
2.02E+11,3,국외지진,2.02E+13,2.02E+13,8.79,-83.14,6.1,코스타리카 산호세 남동쪽 162km 지역,2018-08-18 9:40,16
2.02E+11,3,국외지진,2.02E+13,2.02E+13,23.5,143.4,6.6,일본 시즈오카현(혼슈) 시즈오카 남남동쪽 1365km 해역,2018-08-17 3:47,
2.02E+11,1,지진정보,2.02E+13,2.02E+13,37.3,130.92,2.7,경북 울릉군 울릉도 남쪽 21km 해역,2018-08-15 3:08,34
2.02E+11,1,지진정보,2.02E+13,2.02E+13,33.21,127.53,2.4,제주 서귀포시 동쪽 90km 해역,2018-08-10 21:46,
2.02E+11,1,지진정보,2.02E+13,2.02E+13,37.03,125.27,2.1,충남 태안군 서격렬비도 북북서쪽 53km 해역,2018-08-09 0:29,
2.02E+11,1,지진정보,2.02E+13,2.02E+13,37.03,125.3,2.1,충남 태안군 서격렬비도 북북서쪽 51km 해역,2018-08-09 0:26,
2.02E+11,3,국외지진,2.02E+13,2.02E+13,-8.27,116.46,7,인도네시아 롬복 북서쪽 35km 지역,2018-08-05 21:17,11
2.02E+11,3,국외지진,2.02E+13,2.02E+13,-8.33,116.49,6.4,인도네시아 롬복 북서쪽 27km 지역,2018-07-29 8:13,8
2.02E+11,1,지진정보,2.02E+13,2.02E+13,33.43,125.93,2.6,제주 제주시 서쪽 56km 해역,2018-07-22 14:03,16
2.02E+11,1,지진정보,2.02E+13,2.02E+13,34.47,127.25,2.2,전남 고흥군 남남서쪽 16km 해역,2018-07-21 23:35,13
2.02E+11,1,지진정보,2.02E+13,2.02E+13,35.84,129.79,2.3,경북 포항시 남구 동남동쪽 43km 해역,2018-07-20 12:33,21
2.02E+11,1,지진정보,2.02E+13,2.02E+13,36.01,126.16,2.4,전북 군산시 어청도 남동쪽 21km 해역,2018-07-20 12:18,20
2.02E+11,1,지진정보,2.02E+13,2.02E+13,35.83,129.8,2.5,경북 포항시 남구 동남동쪽 44km 해역,2018-07-19 5:57,23
2.02E+11,1,지진정보,2.02E+13,2.02E+13,35.91,127.81,2.7,전북 무주군 남동쪽 17km 지역,2018-07-17 20:24,
2.02E+11,3,국외지진,2.02E+13,2.02E+13,35.1,140.6,6,일본 지바현(혼슈) 지바 남동쪽 72km 해역,2018-07-07 20:31,50
2.02E+11,1,지진정보,2.02E+13,2.02E+13,37.3,127.7,2.1,경기 여주시 동쪽 6km 지역,2018-07-04 4:43,10
2.02E+11,1,지진정보,2.02E+13,2.02E+13,37.63,129.48,2.2,강원 삼척시 북동쪽 34km 해역,2018-07-01 15:37,18
2.02E+11,1,지진정보,2.02E+13,2.02E+13,36.99,125.25,2.2,충남 태안군 서격렬비도 북북서쪽 50km 해역,2018-06-28 21:10,
2.02E+11,1,지진정보,2.02E+13,2.02E+13,38.18,127.34,2.7,강원 철원군 북북동쪽 4km 지역,2018-06-28 18:47,9
2.02E+11,1,지진정보,2.02E+13,2.02E+13,34.9,124.81,2.1,전남 신안군 흑산면 서북서쪽 66km 해역,2018-06-20 23:13,14
2.02E+11,3,국외지진,2.02E+13,2.02E+13,34.8,135.6,5.9,일본 오사카부(혼슈) 오사카 북동쪽 15km 지역,2018-06-18 8:07,10
2.02E+11,1,지진정보,2.02E+13,2.02E+13,37.19,129.08,2.3,강원 삼척시 남남서쪽 30km 지역,2018-06-16 21:10,
2.02E+11,1,지진정보,2.02E+13,2.02E+13,36.39,128.49,2.1,경북 의성군 서북서쪽 19km 지역,2018-06-15 11:13,14
2.02E+11,3,국외지진,2.02E+13,2.02E+13,31.2,131.5,5.5,일본 미야자키현(규슈) 미야자키 남쪽 79km 해역,2018-06-12 5:04,30
2.02E+11,1,지진정보,2.02E+13,2.02E+13,35.87,129.73,2.3,경북 포항시 남구 동남동쪽 37km 해역,2018-06-09 17:42,18
2.02E+11,1,지진정보,2.02E+13,2.02E+13,38.53,127.68,2.8,북한 강원 회양 남남동쪽 21km 지역,2018-05-31 16:54,8
2.02E+11,1,지진정보,2.02E+13,2.02E+13,36.22,129.38,2.6,경북 포항시 북구 북쪽 20km 지역,2018-05-31 0:18,17
2.02E+11,3,국외지진,2.02E+13,2.02E+13,45.27,124.71,5.7,중국 길림성 송원시 북서쪽 17km 지역,2018-05-28 3:16,13
2.02E+11,3,국외지진,2.02E+13,2.02E+13,36.9,138.5,5.1,일본 나가노현(혼슈) 나가노 북동쪽 39km 지역,2018-05-25 21:28,4
2.02E+11,1,지진정보,2.02E+13,2.02E+13,36.37,129.49,2.2,경북 영덕군 동남동쪽 12km 해역,2018-05-22 0:16,18
2.02E+11,1,지진정보,2.02E+13,2.02E+13,34.16,125.61,2,전남 신안군 흑산면 남남동쪽 56km 해역,2018-05-20 14:03,10
2.02E+11,1,지진정보,2.02E+13,2.02E+13,33.62,125.58,2.5,제주 제주시 고산 서북서쪽 65km 해역,2018-05-14 2:13,16
2.02E+11,3,국외지진,2.02E+13,2.02E+13,36.6,137.9,5.1,일본 나가노현(혼슈) 나가노 서남서쪽 27km 지역,2018-05-12 10:50,10
2.02E+11,1,지진정보,2.02E+13,2.02E+13,36.56,127.64,2.5,충북 보은군 북서쪽 11km 지역,2018-05-02 12:39,11
2.02E+11,3,국외지진,2.02E+13,2.02E+13,24.05,122.23,5.5,대만 화롄 동쪽 70km 해역,2018-05-02 8:59,10
2.02E+11,1,지진정보,2.02E+13,2.02E+13,35.77,129.2,2,경북 경주시 남쪽 8km 지역,2018-05-01 19:13,15
2.02E+11,1,지진정보,2.02E+13,2.02E+13,37.06,125.92,2.5,인천 옹진군 덕적도 남서쪽 27km 해역,2018-04-30 16:45,10
2.02E+11,1,지진정보,2.02E+13,2.02E+13,33.21,126.4,2.4,제주 서귀포시 서남서쪽 16km 해역,2018-04-30 15:47,17
2.02E+11,1,지진정보,2.02E+13,2.02E+13,41.35,129.12,2.3,북한 함경북도 길주 북북서쪽 47km 지역,2018-04-30 15:47,
2.02E+11,3,국외지진,2.02E+13,2.02E+13,-30.99,-71.56,6.2,칠레 오바예 남서쪽 54km 지역,2018-04-30 15:47,76
2.02E+11,1,지진정보,2.02E+13,2.02E+13,35.76,129.19,2.4,경북 경주시 남남서쪽 8km 지역,2018-04-30 15:47,16
2.02E+11,3,국외지진,2.02E+13,2.02E+13,35.2,132.6,5.8,일본 시마네현(혼슈) 마쓰에 남서쪽 50km 지역,2018-04-30 15:47,10
2.02E+11,3,국외지진,2.02E+13,2.02E+13,-5.84,142.49,6.3,파푸아뉴기니 멘디 서북서쪽 134km 지역,2018-04-30 15:47,10
2.02E+11,1,지진정보,2.02E+13,2.02E+13,36.08,129.82,2.6,경북 포항시 북구 동쪽 41km 해역,2018-04-30 15:47,24
2.02E+11,3,국외지진,2.02E+13,2.02E+13,-20.67,-63.02,6.8,볼리비아 산타크루즈 남쪽 310km 지역,2018-04-30 15:47,558
2.02E+11,1,지진정보,2.02E+13,2.02E+13,36.1,129.36,2,경북 포항시 북구 북쪽 7km 지역,2018-04-30 15:47,8
2.02E+11,3,국외지진,2.02E+13,2.02E+13,36.4,140.6,5.1,일본 이바라키현(혼슈) 미토 동북동쪽 12km 지역,2018-04-30 15:47,60
2.02E+11,3,국외지진,2.02E+13,2.02E+13,-5.47,151.45,6.9,파푸아뉴기니 킴베 동쪽 145km 지역,2018-04-30 15:47,10
2.02E+11,3,국외지진,2.02E+13,2.02E+13,-5.7,151.5,7,파푸아뉴기니 킴베 동쪽 150km 해역,2018-04-30 15:47,10
2.02E+11,1,지진정보,2.02E+13,2.02E+13,37.78,124.83,2.7,인천 백령도 남동쪽 24km 해역,2018-04-30 15:47,
2.02E+11,3,국외지진,2.02E+13,2.02E+13,32.7,140.9,6.1,일본 가나가와현(혼슈) 요코하마 남남동쪽 326km 해역,2018-04-30 15:47,40
2.02E+11,3,국외지진,2.02E+13,2.02E+13,23.31,120.54,5.2,대만 카오슝 북북동쪽 79km 지역,2018-04-30 15:47,18
2.02E+11,1,지진정보,2.02E+13,2.02E+13,36.1,129.35,2.7,경북 포항시 북구 북북서쪽 7km 지역,2018-04-30 15:47,12
2.02E+11,1,지진정보,2.02E+13,2.02E+13,36.98,128.42,2,충북 단양군 동남동쪽 5km 지역,2018-04-30 15:47,6
2.02E+11,1,지진정보,2.02E+13,2.02E+13,36.14,129.37,2.8,경북 포항시 북구 북쪽 11km 지역,2018-04-30 15:47,6
2.02E+11,1,지진정보,2.02E+13,2.02E+13,36.95,126.45,2.2,충남 서산시 북쪽 18km 지역,2018-04-30 15:47,7
2.02E+11,3,국외지진,2.02E+13,2.02E+13,-4.26,153.36,7,파푸아뉴기니 뉴아일랜드 동쪽 30km 해역,2018-04-30 15:47,10
2.02E+11,1,지진정보,2.02E+13,2.02E+13,35.31,127.32,2,전남 곡성군 북동쪽 4km 지역,2018-04-30 15:47,17
2.02E+11,1,지진정보,2.02E+13,2.02E+13,35.3,127.33,2,전남 곡성군 동북동쪽 4km 지역,2018-04-30 15:47,15
2.02E+11,3,국외지진,2.02E+13,2.02E+13,-6.3,142.6,6.7,파푸아뉴기니 멘디 서쪽 118km 지역,2018-04-30 15:47,33
2.02E+11,3,국외지진,2.02E+13,2.02E+13,-6.06,142.73,6,파푸아뉴기니 멘디 서쪽 102km 지역,2018-04-30 15:47,16
2.02E+11,1,지진정보,2.02E+13,2.02E+13,38.13,130.33,2.6,경북 울릉군 북서쪽 88km 해역,2018-04-30 15:47,9
2.02E+11,3,국외지진,2.02E+13,2.02E+13,24.2,123.8,5.7,일본 오키나와 이리오모테섬 남쪽 8km 해역,2018-04-30 15:47,20
2.02E+11,3,국외지진,2.02E+13,2.02E+13,-6.17,142.48,6,파푸아뉴기니 멘디 서쪽 131km 지역,2018-04-30 15:47,10
2.02E+11,1,지진정보,2.02E+13,2.02E+13,37.02,124.87,2.2,충남 태안군 서격렬비도 북서쪽 75km 해역,2018-04-30 15:47,
2.02E+11,3,국외지진,2.02E+13,2.02E+13,-6.5,143.26,6.2,파푸아뉴기니 멘디 남서쪽 56km 지역,2018-04-30 15:47,14
2.02E+11,3,국외지진,2.02E+13,2.02E+13,-6.5,143.26,6.3,파푸아뉴기니 멘디 남서쪽 56km 지역,2018-04-30 15:47,5
2.02E+11,3,국외지진,2.02E+13,2.02E+13,-6.43,143.27,6,파푸아뉴기니 멘디 서남서쪽 50km 지역,2018-04-30 15:47,24
2.02E+11,1,지진정보,2.02E+13,2.02E+13,34.52,125.32,2.5,전남 신안군 흑산면 남서쪽 20km 해역,2018-04-30 15:47,6
2.02E+11,3,국외지진,2.02E+13,2.02E+13,-6.2,142.8,7.6,파푸아뉴기니 멘디 서쪽 95km 지역,2018-04-30 15:47,10
2.02E+11,1,지진정보,2.02E+13,2.02E+13,33.97,126.87,2.4,전남 완도군 남남동쪽 39km 해역,2018-04-30 15:47,16
2.02E+11,3,국외지진,2.02E+13,2.02E+13,37.5,141.8,5.7,일본 미야기현(혼슈) 센다이 남동쪽 118km 해역,2018-04-30 15:47,40
2.02E+11,3,국외지진,2.02E+13,2.02E+13,24.63,121.61,5.3,대만 타이베이 남쪽 47km 지역,2018-04-30 15:47,47
2.02E+11,1,지진정보,2.02E+13,2.02E+13,36.07,129.33,2.4,경북 포항시 북구 북서쪽 4km 지역,2018-04-30 15:47,9
2.02E+11,1,지진정보,2.02E+13,2.02E+13,36.1,129.35,2.2,경북 포항시 북구 북북서쪽 6km 지역,2018-04-30 15:47,9
2.02E+11,1,지진정보,2.02E+13,2.02E+13,36.09,129.33,2.6,경북 포항시 북구 북북서쪽 6km 지역,2018-04-30 15:47,8
2.02E+11,1,지진정보,2.02E+13,2.02E+13,36.11,129.37,2,경북 포항시 북구 북쪽 8km 지역,2018-04-30 15:47,12
2.02E+11,3,국외지진,2.02E+13,2.02E+13,16.65,-97.65,7.2,멕시코 오악사카 서남서쪽 109km 지역,2018-04-30 15:47,25
2.02E+11,1,지진정보,2.02E+13,2.02E+13,37.8,125.38,2.3,북한 황해남도 옹진 남쪽 14km 해역,2018-04-30 15:47,8
2.02E+11,1,지진정보,2.02E+13,2.02E+13,36.12,129.37,2.2,경북 포항시 북구 북쪽 9km 지역,2018-04-30 15:47,7
2.02E+11,1,지진정보,2.02E+13,2.02E+13,36.07,129.33,2.6,경북 포항시 북구 북서쪽 5km 지역,2018-04-30 15:47,9
2.02E+11,1,지진정보,2.02E+13,2.02E+13,36.08,129.33,2.4,경북 포항시 북구 북서쪽 5km 지역,2018-04-30 15:47,16
2.02E+11,1,지진정보,2.02E+13,2.02E+13,36.08,129.32,2.1,경북 포항시 북구 북서쪽 6km 지역,2018-04-30 15:47,9
2.02E+11,1,지진정보,2.02E+13,2.02E+13,36.08,129.34,2.1,경북 포항시 북구 북북서쪽 5km 지역,2018-04-30 15:47,13
2.02E+11,1,지진정보,2.02E+13,2.02E+13,36.09,129.32,2.1,경북 포항시 북구 북서쪽 7km 지역,2018-04-30 15:47,10
2.02E+11,1,지진정보,2.02E+13,2.02E+13,36.08,129.33,4.6,경북 포항시 북구 북서쪽 5km 지역,2018-04-30 15:47,14
2.02E+11,5,지진속보,2.02E+13,2.02E+13,36.09,129.33,4.7,경북 포항시 북구 북북서쪽 6km 지역,2018-04-30 15:47,
2.02E+11,1,지진정보,2.02E+13,2.02E+13,36.6,125.76,2.4,충남 태안군 서격렬비도 동쪽 20km 해역,2018-04-30 15:47,10
2.02E+11,1,지진정보,2.02E+13,2.02E+13,33.92,125.22,2.5,전남 신안군 흑산면 남남서쪽 85km 해역,2018-04-30 15:47,
2.02E+11,1,지진정보,2.02E+13,2.02E+13,35.1,124.99,2.7,전남 신안군 흑산면 북서쪽 67km 해역,2018-04-30 15:47,9
2.02E+11,1,지진정보,2.02E+13,2.02E+13,41.32,129.09,2.7,북한 함경북도 길주 북북서쪽 45km 지역,2018-04-30 15:47,
2.02E+11,3,국외지진,2.02E+13,2.02E+13,24.12,121.79,5.7,대만 화롄 북동쪽 22km 해역,2018-04-30 15:47,10
2.02E+11,3,국외지진,2.02E+13,2.02E+13,24.14,121.69,6,대만 화롄 북북동쪽 18km 해역,2018-04-30 15:47,10
2.02E+11,1,지진정보,2.02E+13,2.02E+13,41.33,129.1,2.6,북한 함경북도 길주 북북서쪽 46km 지역,2018-04-30 15:47,
2.02E+11,1,지진정보,2.02E+13,2.02E+13,36.08,129.33,2.5,경북 포항시 북구 북서쪽 5km 지역,2018-04-30 15:47,12
2.02E+11,3,국외지진,2.02E+13,2.02E+13,27.1,141,5.7,일본 시즈오카현(혼슈) 시즈오카 남남동쪽 910km 해역,2018-04-30 15:47,490
2.02E+11,3,국외지진,2.02E+13,2.02E+13,24.1,121.66,6.1,대만 화롄 북동쪽 20km 해역,2018-04-30 15:47,8
2.02E+11,1,지진정보,2.02E+13,2.02E+13,36.06,129.31,2.3,경북 포항시 북구 서북서쪽 5km 지역,2018-04-30 15:47,8
2.02E+11,1,지진정보,2.02E+13,2.02E+13,36.37,127.62,2.8,충북 옥천군 북북동쪽 8km 지역,2018-04-30 15:47,14
2.02E+11,1,지진정보,2.02E+13,2.02E+13,36.11,129.36,2.1,경북 포항시 북구 북쪽 8km 지역,2018-04-30 15:47,7
2.02E+11,1,지진정보,2.02E+13,2.02E+13,33.77,127.4,2.6,전남 여수시 거문도 남남동쪽 30km 해역,2018-04-30 15:47,19
2.02E+11,1,지진정보,2.02E+13,2.02E+13,36.14,129.36,2,경북 포항시 북구 북쪽 11km 지역,2018-04-30 15:47,6
2.02E+11,1,지진정보,2.02E+13,2.02E+13,36.12,129.37,2.9,경북 포항시 북구 북쪽 9km 지역,2018-04-30 15:47,9
2.02E+11,3,국외지진,2.02E+13,2.02E+13,36.54,70.82,6.1,아프가니스탄 카불 북동쪽 188km 지역,2018-04-30 15:47,191
2.02E+11,1,지진정보,2.02E+13,2.02E+13,40.24,127.3,3.2,북한 함경남도 장진 남남동쪽 16km 지역,2018-04-30 15:47,6
2.02E+11,3,국외지진,2.02E+13,2.02E+13,41,142.5,6.2,일본 아오모리현(혼슈) 아오모리 동쪽 149km 해역,2018-04-30 15:47,30
2.02E+11,1,지진정보,2.02E+13,2.02E+13,34.32,127.32,2.4,전남 여수시 거문도 북쪽 32km 해역,2018-04-30 15:47,16
2.02E+11,3,국외지진,2.02E+13,2.02E+13,-18.89,-69.62,6.3,칠레 아리카 남동쪽 86km 지역,2018-04-30 15:47,111
2.02E+11,3,국외지진,2.02E+13,2.02E+13,-15.7,-74.7,7.3,페루 아카리 남남서쪽 31km 해역,2018-04-30 15:47,10
2.02E+11,3,국외지진,2.02E+13,2.02E+13,18.43,96.09,6,미얀마 네피도 남쪽 145km,2018-04-30 15:47,10
2.02E+11,1,지진정보,2.02E+13,2.02E+13,36.26,127.34,2,대전 서구 남남서쪽 12km 지역,2018-04-30 15:47,20
2.02E+11,3,국외지진,2.02E+13,2.02E+13,17.5,-83.6,7.8,온두라스 테구시갈파 북동쪽 540km 해역,2018-04-30 15:47,33
2.02E+11,1,지진정보,2.02E+13,2.02E+13,33.98,127.11,2.1,전남 여수시 거문도 서남서쪽 19km 해역,2018-04-30 15:47,20
2.02E+11,1,지진정보,2.02E+13,2.02E+13,37.71,125.94,2.2,인천 옹진군 연평도 동북동쪽 21km 해역,2018-04-30 15:47,12
2.02E+11,1,지진정보,2.02E+13,2.02E+13,36.11,129.36,2,경북 포항시 북구 북쪽 8km 지역,2018-04-30 15:47,8
2.02E+11,1,지진정보,2.02E+13,2.02E+13,38.33,126.16,2.1,북한 황해북도 평산 서쪽 20km 지역,2018-04-30 15:47,
